YCLX01W,17.0
YAL001C,37.0
YAL002W,-29.0
YAL003W,-24.0
YAL005C,-21.0
YAL007C,-5.0
YAL008W,18.0
YAL009W,16.0
YAL010C,-1.0
YAL011W,16.0
YAL012W,-7.0
YAL013W,-40.0
YAL014C,-15.0
YAL015C,2.0
YAL016W,-34.0
YAL017W,-39.0
YAL018C,3.0
YAL019W,-37.0
YAL020C,-4.0
YAL021C,-8.0
YAL022C,-19.0
YAL023C,1.0
YAL024C,-17.0
YAL025C,-15.0
YAL026C,-38.0
YAL027W,8.0
YAL028W,7.0
YAL029C,1.0
YAL030W,1.0
YAL031C,40.0
YAL032C,7.0
YAL033W,1.0
YAL034W-A,-8.0
YAL035W,-18.0
YAL036C,3.0
YAL037W,2.0
YAL038W,1.0
YAL039C,-10.0
YAL040C,16.0
YAL041W,6.0
YAL042W,-5.0
YAL043C,-9.0
YAL044C,-11.0
YAL045C,-1.0
YAL046C,9.0
YAL047C,-33.0
YAL048C,-12.0
YAL049C,-6.0
YAL051W,-6.0
YAL053W,3.0
YAL054C,-9.0
YAL055W,3.0
YAL056W,-3.0
YAL058W,-20.0
YAL059W,11.0
YAL060W,-8.0
YAL061W,-14.0
YAL062W,-8.0
YAL063C,-61.0
YAL064W,6.0
YAL066W,10.0
YAL067C,3.0
YAR002W,13.0
YAR003W,-31.0
YAR007C,-7.0
YAR008W,0.0
YAR009C,13.0
YAR010C,0.0
YAR014C,-82.0
YAR015W,-6.0
YAR018C,5.0
YAR019C,3.0
YAR020C,-2.0
YAR023C,1.0
YAR027W,-6.0
YAR028W,-9.0
YAR029W,-6.0
YAR031W,2.0
YAR033W,0.0
YAR035W,-5.0
YAR042W,-43.0
YAR044W,-42.0
YAR047C,8.0
YAR050W,-84.0
YAR053W,3.0
YAR060C,19.0
YAR061W,24.0
YAR062W,-14.0
YAR064W,3.0
YAR068W,8.0
YAR069C,-4.0
YAR070C,6.0
YAR071W,-17.0
YAR073W,3.0
YBL001C,-2.0
YBL002W,14.0
YBL003C,13.0
YBL004W,-12.0
YBL005W,-10.0
YBL006C,5.0
YBL007C,-14.0
YBL008W,-3.0
YBL009W,24.0
YBL010C,-14.0
YBL011W,-2.0
YBL012C,9.0
YBL013W,18.0
YBL014C,-37.0
YBL015W,-7.0
YBL016W,-2.0
YBL017C,-83.0
YBL018C,-9.0
YBL019W,17.0
YBL020W,14.0
YBL021C,-8.0
YBL022C,-28.0
YBL023C,-40.0
YBL024W,-1.0
YBL025W,-8.0
YBL026W,1.0
YBL027W,32.0
YBL028C,15.0
YBL029W,-3.0
YBL030C,20.0
YBL031W,26.0
YBL032W,-7.0
YBL033C,-7.0
YBL034C,-18.0
YBL035C,-3.0
YBL036C,-3.0
YBL037W,12.0
YBL038W,27.0
YBL039C,-17.0
YBL040C,12.0
YBL041W,-5.0
YBL042C,1.0
YBL043W,-34.0
YBL044W,13.0
YBL045C,-1.0
YBL046W,-59.0
YBL047C,-83.0
YBL048W,4.0
YBL049W,9.0
YBL050W,-11.0
YBL051C,-11.0
YBL052C,-10.0
YBL053W,2.0
YBL054W,13.0
YBL055C,-4.0
YBL056W,-43.0
YBL057C,-6.0
YBL058W,-19.0
YBL059W,15.0
YBL060W,-9.0
YBL061C,18.0
YBL062W,-7.0
YBL063W,-8.0
YBL064C,5.0
YBL065W,6.0
YBL066C,0.0
YBL067C,-11.0
YBL068W,-6.0
YBL069W,4.0
YBL070C,4.0
YBL071C,7.0
YBL072C,27.0
YBL073W,3.0
YBL074C,-22.0
YBL075C,-20.0
YBL076C,-18.0
YBL077W,4.0
YBL078C,4.0
YBL079W,-22.0
YBL080C,0.0
YBL081W,2.0
YBL082C,11.0
YBL083C,11.0
YBL084C,14.0
YBL085W,17.0
YBL086C,8.0
YBL087C,12.0
YBL088C,-12.0
YBL089W,10.0
YBL090W,18.0
YBL091C,-10.0
YBL092W,23.0
YBL093C,-2.0
YBL094C,6.0
YBL095W,1.0
YBL096C,4.0
YBL097W,-65.0
YBL098W,5.0
YBL099W,6.0
YBL100C,1.0
YBL101C,-7.0
YBL102W,5.0
YBL103C,-17.0
YBL104C,-16.0
YBL105C,-5.0
YBL106C,13.0
YBL107C,0.0
YBL108W,4.0
YBR001C,-10.0
YBR002C,1.0
YBR003W,7.0
YBR004C,20.0
YBR005W,-2.0
YBR006W,-3.0
YBR007C,22.0
YBR008C,-5.0
YBR009C,18.0
YBR010W,22.0
YBR011C,-8.0
YBR012C,-1.0
YBR013C,0.0
YBR014C,-6.0
YBR015C,-8.0
YBR016W,0.0
YBR017C,-67.0
YBR018C,0.0
YBR019C,-13.0
YBR020W,-4.0
YBR021W,4.0
YBR022W,1.0
YBR023C,-9.0
YBR024W,3.0
YBR025C,0.0
YBR026C,7.0
YBR027C,7.0
YBR028C,1.0
YBR029C,9.0
YBR030W,-53.0
YBR031W,34.0
YBR032W,-2.0
YBR033W,18.0
YBR034C,-15.0
YBR035C,0.0
YBR036C,0.0
YBR037C,8.0
YBR038W,12.0
YBR039W,9.0
YBR040W,12.0
YBR041W,6.0
YBR042C,14.0
YBR043C,1.0
YBR044C,15.0
YBR045C,-28.0
YBR046C,5.0
YBR047W,0.0
YBR048W,26.0
YBR049C,-50.0
YBR050C,3.0
YBR051W,5.0
YBR052C,-7.0
YBR053C,-18.0
YBR054W,11.0
YBR055C,4.0
YBR056W,-10.0
YBR057C,-10.0
YBR058C,-29.0
YBR059C,0.0
YBR060C,21.0
YBR061C,2.0
YBR062C,-15.0
YBR063C,-2.0
YBR064W,0.0
YBR065C,21.0
YBR066C,20.0
YBR067C,-11.0
YBR068C,5.0
YBR069C,2.0
YBR070C,14.0
YBR071W,1.0
YBR072W,-5.0
YBR073W,30.0
YBR074W,-13.0
YBR075W,-15.0
YBR076W,12.0
YBR077C,-8.0
YBR078W,-7.0
YBR079C,-13.0
YBR080C,2.0
YBR081C,-89.0
YBR082C,-2.0
YBR083W,0.0
YBR084W,10.0
YBR085W,20.0
YBR086C,17.0
YBR087W,4.0
YBR088C,-20.0
YBR089W,3.0
YBR090C,15.0
YBR091C,-1.0
YBR092C,-31.0
YBR093C,-26.0
YBR094W,-43.0
YBR095C,-22.0
YBR096W,6.0
YBR097W,-9.0
YBR098W,0.0
YBR099C,7.0
YBR100W,0.0
YBR101C,-12.0
YBR102C,2.0
YBR103W,-30.0
YBR104W,9.0
YBR105C,-4.0
YBR106W,5.0
YBR107C,-7.0
YBR108W,16.0
YBR109C,-19.0
YBR110W,9.0
YBR111C,-2.0
YBR112C,-42.0
YBR113W,15.0
YBR114W,8.0
YBR115C,-25.0
YBR116C,8.0
YBR117C,-14.0
YBR118W,12.0
YBR119W,27.0
YBR120C,13.0
YBR121C,-14.0
YBR122C,10.0
YBR123C,-19.0
YBR124W,3.0
YBR125C,-1.0
YBR126C,-12.0
YBR127C,-21.0
YBR128C,15.0
YBR129C,2.0
YBR130C,4.0
YBR131W,-22.0
YBR132C,-1.0
YBR133C,-15.0
YBR134W,6.0
YBR135W,-5.0
YBR136W,19.0
YBR137W,-6.0
YBR138C,2.0
YBR139W,-18.0
YBR140C,-34.0
YBR141C,23.0
YBR142W,5.0
YBR143C,-17.0
YBR144C,3.0
YBR145W,-6.0
YBR146W,27.0
YBR147W,-3.0
YBR148W,-2.0
YBR149W,-9.0
YBR150C,-42.0
YBR151W,-1.0
YBR152W,-8.0
YBR153W,-2.0
YBR154C,6.0
YBR155W,-5.0
YBR156C,46.0
YBR157C,9.0
YBR158W,16.0
YBR159W,14.0
YBR160W,3.0
YBR161W,11.0
YBR162C,-26.0
YBR163W,-3.0
YBR164C,-7.0
YBR165W,5.0
YBR166C,-6.0
YBR167C,6.0
YBR168W,6.0
YBR169C,-14.0
YBR170C,-19.0
YBR171W,0.0
YBR172C,7.0
YBR173C,-6.0
YBR174C,-1.0
YBR175W,-9.0
YBR176W,3.0
YBR177C,1.0
YBR178W,11.0
YBR179C,-4.0
YBR180W,9.0
YBR181C,27.0
YBR182C,15.0
YBR183W,3.0
YBR184W,11.0
YBR185C,16.0
YBR186W,-11.0
YBR187W,-7.0
YBR188C,-1.0
YBR189W,14.0
YBR190W,9.0
YBR191W,20.0
YBR192W,18.0
YBR193C,-7.0
YBR194W,11.0
YBR195C,-19.0
YBR196C,-10.0
YBR197C,4.0
YBR198C,-1.0
YBR199W,-31.0
YBR200W,6.0
YBR201W,2.0
YBR202W,-23.0
YBR203W,45.0
YBR204C,-5.0
YBR205W,8.0
YBR206W,4.0
YBR207W,-8.0
YBR208C,-33.0
YBR209W,13.0
YBR210W,2.0
YBR211C,-18.0
YBR212W,2.0
YBR213W,-4.0
YBR214W,8.0
YBR215W,14.0
YBR216C,-11.0
YBR217W,-1.0
YBR218C,-16.0
YBR219C,8.0
YBR220C,16.0
YBR221C,-9.0
YBR222C,13.0
YBR223C,5.0
YBR224W,9.0
YBR225W,4.0
YBR226C,8.0
YBR227C,1.0
YBR228W,12.0
YBR229C,-26.0
YBR230C,5.0
YBR231C,-14.0
YBR232C,-7.0
YBR233W,0.0
YBR234C,-2.0
YBR235W,12.0
YBR236C,2.0
YBR237W,4.0
YBR238C,-2.0
YBR239C,10.0
YBR240C,12.0
YBR241C,-1.0
YBR242W,-1.0
YBR243C,6.0
YBR244W,4.0
YBR245C,-10.0
YBR246W,-14.0
YBR247C,-29.0
YBR248C,-14.0
YBR249C,-2.0
YBR250W,0.0
YBR251W,15.0
YBR252W,0.0
YBR253W,-8.0
YBR254C,-1.0
YBR255W,25.0
YBR256C,-8.0
YBR257W,13.0
YBR258C,-6.0
YBR259W,12.0
YBR260C,4.0
YBR261C,-9.0
YBR262C,1.0
YBR263W,6.0
YBR264C,0.0
YBR265W,-4.0
YBR266C,3.0
YBR267W,-9.0
YBR268W,7.0
YBR269C,1.0
YBR270C,5.0
YBR271W,-23.0
YBR272C,-26.0
YBR273C,-9.0
YBR274W,-9.0
YBR275C,-21.0
YBR276C,-4.0
YBR277C,4.0
YBR278W,-22.0
YBR279W,-30.0
YBR280C,-12.0
YBR281C,-25.0
YBR282W,17.0
YBR283C,2.0
YBR284W,-9.0
YBR285W,0.0
YBR286W,-23.0
YBR287W,-13.0
YBR288C,-5.0
YBR289W,3.0
YBR290W,-21.0
YBR291C,14.0
YBR292C,9.0
YBR293W,20.0
YBR294W,-5.0
YBR295W,2.0
YBR296C,-4.0
YBR297W,1.0
YBR298C,-5.0
YBR299W,-16.0
YBR300C,11.0
YBR301W,-3.0
YBR302C,7.0
YCL001W,2.0
YCL002C,14.0
YCL003W,12.0
YCL004W,27.0
YCL005W,2.0
YCL006C,10.0
YCL007C,18.0
YCL008C,-15.0
YCL009C,-5.0
YCL010C,-6.0
YCL011C,-4.0
YCL012W,-9.0
YCL013W,-5.0
YCL014W,-23.0
YCL016C,-6.0
YCL017C,3.0
YCL018W,-7.0
YCL019W,7.0
YCL020W,-1.0
YCL021W,6.0
YCL022C,2.0
YCL023C,14.0
YCL024W,9.0
YCL025C,-3.0
YCL026C,10.0
YCL027W,13.0
YCL028W,-3.0
YCL029C,-14.0
YCL030C,-25.0
YCL031C,6.0
YCL032W,-10.0
YCL033C,8.0
YCL034W,-9.0
YCL035C,-6.0
YCL036W,10.0
YCL037C,4.0
YCL038C,4.0
YCL039W,-17.0
YCL040W,-11.0
YCL041C,15.0
YCL042W,12.0
YCL043C,-51.0
YCL044C,9.0
YCL045C,-29.0
YCL046W,3.0
YCL047C,2.0
YCL048W,-6.0
YCL049C,-15.0
YCL050C,-17.0
YCL051W,3.0
YCL052C,-12.0
YCL053C,6.0
YCL054W,3.0
YCL055W,4.0
YCL056C,11.0
YCL057W,-18.0
YCL058C,0.0
YCL059C,14.0
YCL060C,-13.0
YCL061C,-48.0
YCL062W,-2.0
YCL063W,4.0
YCL064C,8.0
YCL065W,7.0
YCL066W,15.0
YCL067C,9.0
YCL068C,6.0
YCL069W,11.0
YCL073C,13.0
YCL074W,-1.0
YCL075W,4.0
YCL076W,-5.0
YCLX03C,0.0
YCLX04W,4.0
YCLX05C,-2.0
YCLX06C,-2.0
YCLX07W,10.0
YCL026C-A,-1.0
YCLX09W,-5.0
YCLX10C,0.0
YCLX11W,7.0
YCLX12W,0.0
YCR001W,9.0
YCR002C,-9.0
YCR003W,18.0
YCR004C,2.0
YCR005C,-8.0
YCR006C,16.0
YCR007C,-7.0
YCR008W,24.0
YCR009C,-1.0
YCR010C,-7.0
YCR011C,-28.0
YCR012W,0.0
YCR013C,9.0
YCR014C,5.0
YCR015C,0.0
YCR016W,1.0
YCR017C,-17.0
YCR018C,21.0
YCR019W,-5.0
YCR020C,-9.0
YCR020C-A,-2.0
YCR021C,-12.0
YCR022C,12.0
YCR023C,-1.0
YCR024C,6.0
YCR024C-A,5.0
YCR025C,20.0
YCR026C,-67.0
YCR027C,-2.0
YCR028C,-1.0
YCR029C,-3.0
YCR029C-A,-3.0
YCR030C,5.0
YCR031C,12.0
YCR032W,-24.0
YCR033W,22.0
YCR034W,15.0
YCR035C,-18.0
YCR036W,-11.0
YCR037C,-9.0
YCR038C,1.0
YCR039C,9.0
YCR040W,15.0
YCR041W,3.0
YCR042C,-37.0
YCR043C,-5.0
YCR044C,-3.0
YCR045C,-15.0
YCR046C,18.0
YCR047C,7.0
YCR048W,6.0
YCR049C,2.0
YCR050C,8.0
YCR051W,-23.0
YCR052W,-29.0
YCR053W,-9.0
YCR054C,-27.0
YCR055C,-33.0
YCR056W,-1.0
YCR057C,-40.0
YCR058C,3.0
YCR059C,-26.0
YCR060W,-1.0
YCR061W,-13.0
YCR062W,0.0
YCR063W,15.0
YCR064C,1.0
YCR065W,-2.0
YCR066W,1.0
YCR067C,-57.0
YCR068W,-18.0
YCR069W,-3.0
YCR070W,3.0
YCR071C,14.0
YCR072C,13.0
YCR073C,2.0
YCR075C,5.0
YCR076C,-9.0
YCR077C,-1.0
YCR080W,-2.0
YCR081W,-21.0
YCR082W,-8.0
YCR083W,5.0
YCR084C,-16.0
YCR085W,1.0
YCR086W,-6.0
YCR087W,10.0
YCR088W,-46.0
YCR089W,-35.0
YCR090C,-10.0
YCR091W,11.0
YCR092C,-5.0
YCR093W,-20.0
YCR094W,1.0
YCR095C,4.0
YCR096C,9.0
YCR097WA,7.0
YCR097W,8.0
YCR098C,7.0
YCR099C,-8.0
YCR100C,-14.0
YCR101C,-11.0
YCR102C,-3.0
YCR103C,11.0
YCR104W,-2.0
YCR105W,-1.0
YCR106W,-17.0
YCR107W,-2.0
YCRX03C,11.0
YCRX05W,-3.0
YCRX07W,-2.0
YCRX10W,-9.0
YCRX12W,1.0
YCR073W-A,-3.0
YCRX14W,-12.0
YCRX15W,2.0
YCRX16C,16.0
YCRX18C,-43.0
YCRX20C,-1.0
YCRX21C,0.0
YEL001C,-11.0
YEL002C,-8.0
YEL003W,1.0
YEL004W,17.0
YEL005C,-5.0
YEL006W,16.0
YEL007W,-3.0
YEL008W,5.0
YEL009C,-10.0
YEL010W,5.0
YEL011W,-20.0
YEL012W,-33.0
YEL013W,-21.0
YEL014C,3.0
YEL015W,-5.0
YEL016C,-16.0
YEL017W,-12.0
YEL018W,1.0
YEL019C,-10.0
YEL020C,1.0
YEL021W,0.0
YEL022W,-55.0
YEL023C,-8.0
YEL024W,2.0
YEL025C,11.0
YEL026W,1.0
YEL027W,2.0
YEL028W,3.0
YEL029C,-3.0
YEL030W,-5.0
YEL031W,-10.0
YEL032W,-32.0
YEL033W,14.0
YEL034W,-11.0
YEL035C,8.0
YEL036C,-21.0
YEL037C,-39.0
YEL038W,-5.0
YEL039C,9.0
YEL040W,-20.0
YEL041W,-10.0
YEL042W,-15.0
YEL043W,1.0
YEL044W,16.0
YEL045C,15.0
YEL046C,-8.0
YEL047C,-6.0
YEL048C,-9.0
YEL049W,-3.0
YEL050C,48.0
YEL051W,-2.0
YEL052W,7.0
YEL053C,-16.0
YEL054C,6.0
YEL055C,-31.0
YEL056W,-31.0
YEL057C,15.0
YEL058W,-14.0
YEL059W,1.0
YEL060C,-16.0
YEL061C,4.0
YEL062W,9.0
YEL063C,4.0
YEL064C,7.0
YEL065W,4.0
YEL066W,-2.0
YEL067C,10.0
YEL068C,-3.0
YEL069C,0.0
YEL070W,-10.0
YEL071W,-4.0
YEL072W,2.0
YEL073C,-8.0
YEL074W,10.0
YEL075C,1.0
YEL076C,2.0
YER001W,-3.0
YER002W,7.0
YER003C,-10.0
YER004W,6.0
YER005W,-12.0
YER006W,7.0
YER007W,7.0
YER008C,-43.0
YER009W,-7.0
YER010C,0.0
YER011W,-7.0
YER012W,-3.0
YER013W,2.0
YER014W,17.0
YER015W,2.0
YER016W,-12.0
YER017C,13.0
YER018C,-3.0
YER019W,0.0
YER020W,-3.0
YER021W,-16.0
YER022W,-26.0
YER023W,-6.0
YER024W,-18.0
YER025W,-3.0
YER026C,-6.0
YER027C,-29.0
YER028C,20.0
YER029C,24.0
YER030W,-22.0
YER031C,-8.0
YER032W,-1.0
YER033C,-70.0
YER034W,-4.0
YER035W,16.0
YER036C,-7.0
YER037W,-11.0
YER038C,-16.0
YER039C,3.0
YER040W,17.0
YER041W,-2.0
YER042W,-1.0
YER043C,-11.0
YER044C,6.0
YER045C,3.0
YER046W,1.0
YER047C,11.0
YER048C,-8.0
YER049W,-24.0
YER050C,20.0
YER051W,-5.0
YER052C,-5.0
YER053C,17.0
YER054C,8.0
YER055C,-2.0
YER056C,-10.0
YER057C,-4.0
YER058W,5.0
YER059W,-6.0
YER060W,-9.0
YER061C,4.0
YER062C,-4.0
YER063W,0.0
YER064C,11.0
YER065C,-10.0
YER066W,-4.0
YER067W,-10.0
YER068W,4.0
YER069W,5.0
YER070W,-13.0
YER071C,-6.0
YER072W,10.0
YER073W,3.0
YER074W,19.0
YER075C,-1.0
YER076C,-14.0
YER077C,32.0
YER078C,-6.0
YER079W,6.0
YER080W,7.0
YER081W,-13.0
YER082C,18.0
YER083C,7.0
YER084W,10.0
YER085C,14.0
YER086W,5.0
YER087W,0.0
YER088C,15.0
YER089C,-28.0
YER090W,-12.0
YER091C,-7.0
YER092W,-13.0
YER093C,16.0
YER094C,-6.0
YER095W,-20.0
YER096W,-13.0
YER097W,14.0
YER098W,-1.0
YER099C,-6.0
YER100W,-4.0
YER101C,8.0
YER102W,27.0
YER103W,-20.0
YER104W,-8.0
YER105C,-14.0
YER106W,9.0
YER107C,6.0
YER109C,16.0
YER110C,-75.0
YER111C,12.0
YER112W,5.0
YER113C,0.0
YER114C,8.0
YER115C,14.0
YER116C,-23.0
YER117W,12.0
YER118C,-7.0
YER119C,9.0
YER120W,-10.0
YER121W,-6.0
YER122C,3.0
YER123W,13.0
YER124C,-9.0
YER125W,-7.0
YER126C,29.0
YER127W,-2.0
YER128W,3.0
YER129W,15.0
YER130C,-11.0
YER131W,23.0
YER132C,2.0
YER133W,-7.0
YER134C,-1.0
YER135C,9.0
YER136W,-10.0
YER137C,7.0
YER138C,5.0
YER139C,-16.0
YER140W,31.0
YER141W,31.0
YER142C,2.0
YER143W,-12.0
YER144C,10.0
YER145C,5.0
YER146W,-8.0
YER147C,3.0
YER148W,8.0
YER149C,-14.0
YER150W,-7.0
YER151C,1.0
YER152C,-4.0
YER153C,7.0
YER154W,20.0
YER155C,12.0
YER156C,0.0
YER157W,-19.0
YER158C,25.0
YER159C,-5.0
YER160C,15.0
YER161C,13.0
YER162C,4.0
YER163C,-8.0
YER164W,-17.0
YER165W,-9.0
YER166W,-23.0
YER167W,1.0
YER168C,3.0
YER169W,20.0
YER170W,3.0
YER171W,-20.0
YER172C,-62.0
YER173W,-8.0
YER174C,-18.0
YER175C,-5.0
YER176W,48.0
YER177W,-17.0
YER178W,3.0
YER179W,-6.0
YER180C,-16.0
YER181C,2.0
YER182W,12.0
YER183C,-2.0
YER184C,5.0
YER185W,5.0
YER186C,0.0
YER187W,-14.0
YER188W,-14.0
YER189W,0.0
YER190W,-1.0
YHL001W,19.0
YHL002W,-6.0
YHL003C,8.0
YHL004W,3.0
YHL005C,1.0
YHL006C,1.0
YHL007C,-2.0
YHL008C,0.0
YHL009C,-13.0
YHL010C,-8.0
YHL011C,3.0
YHL012W,-15.0
YHL013C,-8.0
YHL014C,0.0
YHL015W,5.0
YHL016C,-11.0
YHL017W,-30.0
YHL018W,2.0
YHL019C,-4.0
YHL020C,-18.0
YHL021C,0.0
YHL022C,17.0
YHL023C,-22.0
YHL024W,-22.0
YHL025W,-10.0
YHL026C,-1.0
YHL027W,-2.0
YHL028W,-4.0
YHL029C,-12.0
YHL030W,-12.0
YHL031C,6.0
YHL032C,4.0
YHL033C,25.0
YHL034C,-9.0
YHL035C,16.0
YHL036W,9.0
YHL037C,12.0
YHL038C,14.0
YHL039W,-3.0
YHL040C,5.0
YHL041W,12.0
YHL042W,4.0
YHL043W,4.0
YHL044W,2.0
YHL045W,4.0
YHL046C,-3.0
YHL047C,5.0
YHL048W,4.0
YHL049C,9.0
YHL050C,-5.0
YHR001W,-2.0
YHR002W,17.0
YHR003C,-3.0
YHR004C,8.0
YHR005C,1.0
YHR006W,-8.0
YHR007C,6.0
YHR008C,2.0
YHR009C,-18.0
YHR010W,20.0
YHR011W,9.0
YHR012W,-19.0
YHR013C,-17.0
YHR014W,13.0
YHR015W,30.0
YHR016C,1.0
YHR017W,9.0
YHR018C,-14.0
YHR019C,-11.0
YHR020W,-8.0
YHR021C,6.0
YHR022C,-1.0
YHR023W,-20.0
YHR024C,-7.0
YHR025W,-7.0
YHR026W,2.0
YHR027C,-86.0
YHR028C,-30.0
YHR029C,-6.0
YHR030C,-19.0
YHR031C,32.0
YHR032W,-10.0
YHR033W,-9.0
YHR034C,-8.0
YHR035W,14.0
YHR036W,-30.0
YHR037W,-2.0
YHR038W,17.0
YHR039C,2.0
YHR040W,-9.0
YHR041C,-6.0
YHR042W,-24.0
YHR043C,-4.0
YHR044C,-6.0
YHR045W,-1.0
YHR046C,-8.0
YHR047C,-26.0
YHR048W,10.0
YHR049W,-5.0
YHR050W,-8.0
YHR051W,-2.0
YHR052W,5.0
YHR053C,-1.0
YHR054C,-2.0
YHR055C,-1.0
YHR056C,5.0
YHR057C,-4.0
YHR058C,-5.0
YHR059W,16.0
YHR060W,-3.0
YHR061C,-5.0
YHR062C,14.0
YHR063C,-3.0
YHR064C,-23.0
YHR065C,12.0
YHR066W,12.0
YHR067W,7.0
YHR068W,-9.0
YHR069C,-5.0
YHR070W,10.0
YHR071W,11.0
YHR072W,-9.0
YHR073W,8.0
YHR074W,-8.0
YHR075C,-2.0
YHR076W,-2.0
YHR077C,-48.0
YHR078W,0.0
YHR079C,-12.0
YHR080C,10.0
YHR081W,11.0
YHR082C,-18.0
YHR083W,-1.0
YHR084W,-12.0
YHR085W,16.0
YHR086W,4.0
YHR087W,-3.0
YHR088W,11.0
YHR089C,26.0
YHR090C,3.0
YHR091C,20.0
YHR092C,-2.0
YHR093W,12.0
YHR094C,1.0
YHR095W,23.0
YHR096C,2.0
YHR097C,19.0
YHR098C,-14.0
YHR099W,-42.0
YHR100C,4.0
YHR101C,-7.0
YHR102W,3.0
YHR103W,3.0
YHR104W,-2.0
YHR105W,2.0
YHR106W,-2.0
YHR107C,1.0
YHR108W,-6.0
YHR109W,-31.0
YHR110W,-2.0
YHR111W,-4.0
YHR112C,-11.0
YHR113W,-4.0
YHR114W,-10.0
YHR115C,-4.0
YHR116W,1.0
YHR117W,-7.0
YHR118C,3.0
YHR119W,23.0
YHR120W,15.0
YHR121W,7.0
YHR122W,-22.0
YHR123W,-5.0
YHR124W,-6.0
YHR125W,6.0
YHR126C,-2.0
YHR127W,21.0
YHR128W,-3.0
YHR129C,-5.0
YHR130C,-1.0
YHR131C,-37.0
YHR132C,-20.0
YHR133C,5.0
YHR134W,4.0
YHR135C,10.0
YHR136C,-3.0
YHR137W,-10.0
YHR138C,-6.0
YHR139C,-4.0
YHR140W,13.0
YHR141C,27.0
YHR142W,-4.0
YHR143W-A,7.0
YHR143W,-9.0
YHR144C,3.0
YHR145C,9.0
YHR146W,0.0
YHR147C,13.0
YHR148W,12.0
YHR149C,-37.0
YHR150W,-2.0
YHR151C,-11.0
YHR152W,7.0
YHR153C,-8.0
YHR154W,2.0
YHR155W,8.0
YHR156C,-23.0
YHR157W,-7.0
YHR158C,-48.0
YHR159W,2.0
YHR160C,-15.0
YHR161C,-4.0
YHR162W,10.0
YHR163W,-7.0
YHR164C,-12.0
YHR165C,-7.0
YHR166C,-16.0
YHR167W,-13.0
YHR168W,11.0
YHR169W,16.0
YHR170W,-19.0
YHR171W,-9.0
YHR172W,-9.0
YHR173C,1.0
YHR174W,-9.0
YHR175W,0.0
YHR176W,-2.0
YHR177W,15.0
YHR178W,12.0
YHR179W,-4.0
YHR180W,-8.0
YHR181W,3.0
YHR182W,-9.0
YHR183W,-4.0
YHR184W,-11.0
YHR185C,-7.0
YHR186C,3.0
YHR187W,-19.0
YHR188C,-20.0
YHR189W,12.0
YHR190W,-13.0
YHR191C,1.0
YHR192W,8.0
YHR193C,-7.0
YHR194W,12.0
YHR195W,-15.0
YHR196W,-36.0
YHR197W,-22.0
YHR198C,8.0
YHR199C,8.0
YHR200W,-17.0
YHR201C,-9.0
YHR202W,-16.0
YHR203C,22.0
YHR204W,-37.0
YHR205W,-24.0
YHR206W,-4.0
YHR207C,-10.0
YHR208W,7.0
YHR209W,-4.0
YHR210C,-6.0
YHR211W,-55.0
YHR212C,19.0
YHR213W,-14.0
YHR214W,-9.0
YHR215W,-17.0
YHR216W,6.0
YHR217C,2.0
YHR218W,11.0
YHR219W,-7.0
YIL001W,-20.0
YIL002C,-7.0
YIL003W,-6.0
YIL004C,1.0
YIL005W,2.0
YIL006W,5.0
YIL007C,-5.0
YIL008W,-12.0
YIL009W,17.0
YIL010W,8.0
YIL011W,-15.0
YIL012W,6.0
YIL013C,-10.0
YIL014W,-14.0
YIL015W,-28.0
YIL016W,9.0
YIL017C,-16.0
YIL018W,28.0
YIL019W,9.0
YIL020C,-6.0
YIL021W,-23.0
YIL022W,14.0
YIL023C,-4.0
YIL024C,-4.0
YIL025C,13.0
YIL026C,-54.0
YIL027C,3.0
YIL028W,6.0
YIL029C,13.0
YIL030C,-20.0
YIL031W,-8.0
YIL032C,15.0
YIL033C,1.0
YIL034C,-22.0
YIL035C,4.0
YIL036W,1.0
YIL037C,2.0
YIL038C,-19.0
YIL039W,-18.0
YIL040W,4.0
YIL041W,-15.0
YIL042C,4.0
YIL043C,4.0
YIL044C,11.0
YIL045W,3.0
YIL046W,2.0
YIL047C,14.0
YIL048W,-16.0
YIL049W,10.0
YIL050W,-11.0
YIL051C,4.0
YIL052C,25.0
YIL053W,-8.0
YIL054W,-1.0
YIL055C,-3.0
YIL056W,10.0
YIL057C,-1.0
YIL058W,2.0
YIL059C,-6.0
YIL060W,8.0
YIL061C,23.0
YIL062C,-3.0
YIL063C,-1.0
YIL064W,-8.0
YIL065C,5.0
YIL066C,-17.0
YIL067C,-6.0
YIL068C,-32.0
YIL069C,19.0
YIL070C,-21.0
YIL071C,-26.0
YIL072W,5.0
YIL073C,-30.0
YIL074C,-7.0
YIL075C,-10.0
YIL076W,-24.0
YIL077C,4.0
YIL078W,-4.0
YIL079C,17.0
YIL080W,44.0
YIL082W,5.0
YIL083C,2.0
YIL084C,4.0
YIL085C,-22.0
YIL086C,12.0
YIL087C,8.0
YIL088C,-9.0
YIL089W,10.0
YIL090W,14.0
YIL091C,-12.0
YIL092W,17.0
YIL093C,-5.0
YIL094C,2.0
YIL095W,31.0
YIL096C,20.0
YIL097W,-3.0
YIL098C,8.0
YIL099W,-24.0
YIL100W,1.0
YIL101C,19.0
YIL102C,-5.0
YIL103W,4.0
YIL104C,-32.0
YIL105C,1.0
YIL106W,-5.0
YIL107C,7.0
YIL108W,0.0
YIL109C,-13.0
YIL110W,-26.0
YIL111W,8.0
YIL112W,-29.0
YIL113W,1.0
YIL114C,11.0
YIL115C,-78.0
YIL116W,-3.0
YIL117C,-1.0
YIL118W,-9.0
YIL119C,9.0
YIL120W,17.0
YIL121W,18.0
YIL122W,4.0
YIL123W,-23.0
YIL124W,9.0
YIL125W,-5.0
YIL126W,-10.0
YIL127C,16.0
YIL128W,-16.0
YIL129C,-30.0
YIL130W,-12.0
YIL131C,3.0
YIL132C,2.0
YIL133C,27.0
YIL134W,18.0
YIL135C,5.0
YIL136W,3.0
YIL137C,-15.0
YIL138C,-20.0
YIL139C,-15.0
YIL140W,-32.0
YIL141W,1.0
YIL142W,-7.0
YIL143C,-17.0
YIL144W,6.0
YIL145C,-8.0
YIL146C,-2.0
YIL147C,-1.0
YIL148W,14.0
YIL149C,-22.0
YIL150C,31.0
YIL151C,-22.0
YIL152W,13.0
YIL153W,-6.0
YIL154C,-21.0
YIL155C,2.0
YIL156W,2.0
YIL157C,6.0
YIL158W,0.0
YIL159W,4.0
YIL160C,1.0
YIL161W,21.0
YIL162W,-23.0
YIL163C,17.0
YIL164C,1.0
YIL165C,-7.0
YIL166C,10.0
YIL167W,-7.0
YIL168W,6.0
YIL169C,-43.0
YIL170W,6.0
YIL171W,0.0
YIL172C,-18.0
YIL173W,-52.0
YIL174W,9.0
YIL175W,2.0
YIL176C,-3.0
YIL177C,0.0
YIR001C,9.0
YIR002C,-1.0
YIR003W,-40.0
YIR004W,-17.0
YIR005W,-3.0
YIR006C,-27.0
YIR007W,-10.0
YIR008C,2.0
YIR009W,8.0
YIR010W,-24.0
YIR011C,0.0
YIR012W,-42.0
YIR013C,15.0
YIR014W,-8.0
YIR015W,15.0
YIR016W,-13.0
YIR017C,14.0
YIR018W,7.0
YIR019C,-51.0
YIR020C,9.0
YIR021W,8.0
YIR022W,4.0
YIR023W,4.0
YIR024C,3.0
YIR025W,-33.0
YIR026C,3.0
YIR027C,-13.0
YIR028W,3.0
YIR029W,-8.0
YIR030C,-2.0
YIR031C,-8.0
YIR032C,-8.0
YIR033W,-47.0
YIR034C,8.0
YIR035C,-2.0
YIR036C,-2.0
YIR037W,2.0
YIR038C,-3.0
YIR039C,-32.0
YIR040C,9.0
YIR041W,-2.0
YIR042C,-1.0
YIR043C,6.0
YIR044C,-1.0
YKL001C,2.0
YKL002W,-5.0
YKL003C,8.0
YKL004W,-7.0
YKL005C,-24.0
YKL006W,19.0
YKL007W,-10.0
YKL008C,15.0
YKL009W,3.0
YKL010C,-90.0
YKL011C,15.0
YKL012W,8.0
YKL013C,-6.0
YKL014C,-2.0
YKL015W,-29.0
YKL016C,3.0
YKL017C,0.0
YKL018W,-7.0
YKL019W,-16.0
YKL020C,-9.0
YKL021C,6.0
YKL022C,-6.0
YKL023W,6.0
YKL024C,-1.0
YKL025C,-7.0
YKL026C,4.0
YKL027W,7.0
YKL028W,-55.0
YKL029C,4.0
YKL030W,11.0
YKL031W,5.0
YKL032C,1.0
YKL033W,-45.0
YKL034W,-10.0
YKL035W,-1.0
YKL036C,7.0
YKL037W,8.0
YKL038W,3.0
YKL039W,-15.0
YKL040C,-15.0
YKL041W,-6.0
YKL042W,1.0
YKL043W,5.0
YKL044W,11.0
YKL045W,4.0
YKL046C,-20.0
YKL047W,-19.0
YKL048C,5.0
YKL049C,5.0
YKL050C,-13.0
YKL051W,-1.0
YKL052C,-28.0
YKL053W,17.0
YKL054C,-34.0
YKL055C,8.0
YKL056C,-15.0
YKL057C,-44.0
YKL058W,-4.0
YKL059C,-3.0
YKL060C,-12.0
YKL061W,-7.0
YKL062W,-3.0
YKL063C,8.0
YKL064W,-1.0
YKL065C,13.0
YKL066W,-2.0
YKL067W,2.0
YKL068W,16.0
YKL069W,-10.0
YKL070W,5.0
YKL071W,4.0
YKL072W,14.0
YKL073W,-29.0
YKL074C,4.0
YKL075C,-21.0
YKL076C,12.0
YKL077W,7.0
YKL078W,16.0
YKL079W,-4.0
YKL080W,-3.0
YKL081W,1.0
YKL082C,25.0
YKL083W,3.0
YKL084W,-3.0
YKL085W,2.0
YKL086W,4.0
YKL087C,-1.0
YKL088W,-33.0
YKL089W,-36.0
YKL090W,-2.0
YKL091C,1.0
YKL092C,16.0
YKL093W,-3.0
YKL094W,3.0
YKL095W,13.0
YKL096W,-12.0
YKL097C,11.0
YKL098W,-1.0
YKL099C,29.0
YKL100C,-20.0
YKL101W,37.0
YKL102C,6.0
YKL103C,-14.0
YKL104C,-12.0
YKL105C,-32.0
YKL106W,11.0
YKL107W,-2.0
YKL108W,8.0
YKL109W,-23.0
YKL110C,2.0
YKL111C,2.0
YKL112W,-60.0
YKL113C,10.0
YKL114C,3.0
YKL115C,1.0
YKL116C,-8.0
YKL117W,-23.0
YKL118W,1.0
YKL119C,6.0
YKL120W,13.0
YKL121W,10.0
YKL122C,26.0
YKL123W,11.0
YKL124W,-21.0
YKL125W,-41.0
YKL126W,-7.0
YKL127W,-1.0
YKL128C,-7.0
YKL129C,44.0
YKL130C,-13.0
YKL131W,14.0
YKL132C,-1.0
YKL133C,12.0
YKL134C,1.0
YKL135C,-23.0
YKL136W,2.0
YKL137W,6.0
YKL138C,24.0
YKL139W,23.0
YKL140W,-6.0
YKL141W,15.0
YKL142W,-16.0
YKL143W,-47.0
YKL144C,-12.0
YKL145W,-9.0
YKL146W,7.0
YKL147C,3.0
YKL148C,-1.0
YKL149C,1.0
YKL150W,3.0
YKL151C,1.0
YKL152C,3.0
YKL153W,-6.0
YKL154W,1.0
YKL155C,22.0
YKL156W,6.0
YKL157W,3.0
YKL159C,-7.0
YKL160W,-13.0
YKL161C,-11.0
YKL162C,2.0
YKL163W,-3.0
YKL164C,-1.0
YKL165C,-10.0
YKL166C,-7.0
YKL167C,5.0
YKL168C,16.0
YKL169C,0.0
YKL170W,14.0
YKL171W,12.0
YKL172W,-7.0
YKL173W,-17.0
YKL174C,-18.0
YKL175W,-15.0
YKL176C,10.0
YKL177W,7.0
YKL178C,1.0
YKL179C,-9.0
YKL180W,23.0
YKL181W,-13.0
YKL182W,-38.0
YKL183W,-24.0
YKL184W,-15.0
YKL185W,38.0
YKL186C,1.0
YKL187C,-21.0
YKL188C,15.0
YKL189W,5.0
YKL190W,-15.0
YKL191W,-29.0
YKL192C,-5.0
YKL193C,-12.0
YKL194C,5.0
YKL195W,-45.0
YKL196C,-4.0
YKL197C,-6.0
YKL198C,17.0
YKL199C,-4.0
YKL200C,6.0
YKL201C,-13.0
YKL202W,8.0
YKL203C,-2.0
YKL204W,16.0
YKL205W,-29.0
YKL206C,-13.0
YKL207W,-5.0
YKL208W,11.0
YKL209C,7.0
YKL210W,-40.0
YKL211C,-4.0
YKL212W,0.0
YKL213C,-28.0
YKL214C,7.0
YKL215C,-10.0
YKL216W,-3.0
YKL217W,-9.0
YKL218C,-1.0
YKL219W,8.0
YKL220C,23.0
YKL221W,7.0
YKL222C,6.0
YKL223W,8.0
YKL224C,-3.0
YKL225W,8.0
YKR001C,1.0
YKR002W,2.0
YKR003W,4.0
YKR004C,1.0
YKR005C,-10.0
YKR006C,6.0
YKR007W,-12.0
YKR008W,-23.0
YKR009C,15.0
YKR010C,2.0
YKR011C,7.0
YKR012C,6.0
YKR013W,-16.0
YKR014C,-13.0
YKR015C,12.0
YKR016W,-3.0
YKR017C,-16.0
YKR018C,-32.0
YKR019C,29.0
YKR020W,-11.0
YKR021W,-23.0
YKR022C,-8.0
YKR023W,-4.0
YKR024C,22.0
YKR025W,-33.0
YKR026C,-10.0
YKR027W,-14.0
YKR028W,-139.0
YKR029C,14.0
YKR030W,7.0
YKR031C,-2.0
YKR032W,2.0
YKR033C,0.0
YKR034W,6.0
YKR035C,-3.0
YKR036C,-25.0
YKR037C,2.0
YKR038C,-1.0
YKR039W,5.0
YKR040C,18.0
YKR041W,2.0
YKR042W,-13.0
YKR043C,-8.0
YKR044W,-4.0
YKR045C,10.0
YKR046C,1.0
YKR047W,15.0
YKR048C,-57.0
YKR049C,6.0
YKR050W,33.0
YKR051W,7.0
YKR052C,2.0
YKR053C,1.0
YKR054C,-59.0
YKR055W,-2.0
YKR056W,13.0
YKR057W,-1.0
YKR058W,-69.0
YKR059W,-13.0
YKR060W,16.0
YKR061W,-8.0
YKR062W,16.0
YKR063C,1.0
YKR064W,-6.0
YKR065C,9.0
YKR066C,-5.0
YKR067W,29.0
YKR068C,-7.0
YKR069W,-5.0
YKR070W,4.0
YKR071C,-9.0
YKR072C,-40.0
YKR073C,2.0
YKR074W,-3.0
YKR075C,-12.0
YKR076W,-4.0
YKR077W,17.0
YKR078W,-9.0
YKR079C,-26.0
YKR080W,-1.0
YKR081C,7.0
YKR082W,-47.0
YKR083C,-18.0
YKR084C,-21.0
YKR085C,21.0
YKR086W,7.0
YKR087C,10.0
YKR088C,-4.0
YKR089C,3.0
YKR090W,-25.0
YKR091W,2.0
YKR092C,-44.0
YKR093W,-13.0
YKR094C,14.0
YKR095W,-73.0
YKR096W,-34.0
YKR097W,-10.0
YKR098C,8.0
YKR099W,2.0
YKR100C,-6.0
YKR101W,19.0
YKR102W,-73.0
YKR103W,22.0
YKR104W,1.0
YKR105C,5.0
YKR106W,14.0
YAL065C,-3.0
YAR030C,12.0
YFL068W,8.0
YFL067W,0.0
YFL066C,0.0
YFL065C,6.0
YFL064C,4.0
YFL063W,8.0
YFL062W,9.0
YFL061W,-5.0
YFL060C,0.0
YFL059W,-8.0
YFL058W,3.0
YFL057C,1.0
YFL056C,19.0
YFL055W,0.0
YFL054C,4.0
YFL053W,-12.0
YFL052W,-2.0
YFL051C,-7.0
YFL050C,-8.0
YFL049W,6.0
YFL048C,-3.0
YFL047W,-17.0
YFL046W,0.0
YFL045C,-9.0
YFL044C,-11.0
YFL043C,-5.0
YFL042C,-32.0
YFL041W,-38.0
YFL040W,8.0
YFL039C,-11.0
YFL038C,-4.0
YFL037W,-31.0
YFL036W,16.0
YFL034C-B,9.0
YFL034W,-41.0
YFL033C,-25.0
YFL032W,5.0
YFL031W,-11.0
YFL030W,2.0
YFL029C,-8.0
YFL028C,-3.0
YFL027C,7.0
YFL026W,-1.0
YFL025C,-9.0
YFL024C,9.0
YFL023W,-71.0
YFL022C,-13.0
YFL021W,6.0
YFL020C,-5.0
YFL019C,6.0
YFL018C,2.0
YFL017C,-5.0
YFL016C,18.0
YFL015C,11.0
YFL014W,-4.0
YFL013C,-25.0
YFL012W,6.0
YFL011W,13.0
YFL010C,-13.0
YFL009W,-4.0
YFL008W,-11.0
YFL007W,-54.0
YFL006W,4.0
YFL005W,0.0
YFL004W,-5.0
YFL003C,-1.0
YFL002C,13.0
YFL001W,18.0
YFR001W,31.0
YFR002W,-5.0
YFR003C,-4.0
YFR004W,-6.0
YFR005C,-3.0
YFR006W,-13.0
YFR007W,-4.0
YFR008W,-5.0
YFR009W,-13.0
YFR010W,-1.0
YFR011C,-2.0
YFR012W,7.0
YFR013W,1.0
YFR014C,-7.0
YFR015C,-18.0
YFR016C,-161.0
YFR017C,-1.0
YFR018C,-20.0
YFR019W,17.0
YFR020W,-16.0
YFR021W,-13.0
YFR022W,6.0
YFR023W,26.0
YFR024C,-8.0
YFR025C,-14.0
YFR026C,-1.0
YFR027W,21.0
YFR028C,2.0
YFR029W,0.0
YFR030W,-30.0
YFR031C,-2.0
YFR032C,-2.0
YFR033C,-46.0
YFR034C,0.0
YFR035C,6.0
YFR036W,-14.0
YFR037C,-22.0
YFR038W,-10.0
YFR039C,-39.0
YFR040W,-77.0
YFR041C,24.0
YFR042W,12.0
YFR043C,-17.0
YFR044C,-11.0
YFR045W,17.0
YFR046C,-28.0
YFR047C,-7.0
YFR048W,-2.0
YFR049W,6.0
YFR050C,-3.0
YFR051C,-24.0
YFR052W,-14.0
YFR053C,-14.0
YFR054C,-3.0
YFR056C,3.0
YFR055W,-7.0
YFR057W,5.0
YER044C-A,23.0
YFL010W-A,14.0
YKL096W-A,-5.0
YHR079C-A,0.0
YHR039C-A,3.0
YKL006C-A,4.0
YEL017C-A,5.0
YFR031C-A,28.0
YER019C-A,7.0
YER087C-B,8.0
YAR002C-A,0.0
YCR079W,-2.0
YAL034C,27.0
YER056C-A,25.0
YAL004W,-7.0
YAL034C-B,6.0
YAL042C-A,6.0
YAL056C-A,9.0
YAL064C-A,-7.0
YAL064W-B,-17.0
YAL068C,-3.0
YAL069W,-2.0
YAR066W,-9.0
YAR075W,7.0
YBL005W-A,0.0
YBL005W-B,8.0
YBL100W-A,-1.0
YBL100W-B,-1.0
YBL109W,1.0
YBL111C,11.0
YBL112C,6.0
YBL113C,-3.0
YBR012W-A,1.0
YBR012W-B,13.0
YBR084C-A,32.0
YBR089C-A,9.0
YBR162W-A,10.0
YDL001W,-15.0
YDL002C,1.0
YDL003W,-42.0
YDL004W,-1.0
YDL005C,-31.0
YDL006W,-15.0
YDL007W,-6.0
YDL008W,-14.0
YDL009C,8.0
YDL010W,-2.0
YDL011C,-2.0
YDL012C,-2.0
YDL013W,-5.0
YDL014W,21.0
YDL015C,15.0
YDL016C,12.0
YDL017W,-12.0
YDL018C,-2.0
YDL019C,-11.0
YDL020C,-24.0
YDL021W,-3.0
YDL022W,-15.0
YDL023C,-3.0
YDL024C,-11.0
YDL025C,4.0
YDL026W,3.0
YDL027C,30.0
YDL028C,11.0
YDL029W,-8.0
YDL030W,-7.0
YDL031W,19.0
YDL032W,5.0
YDL033C,5.0
YDL034W,5.0
YDL035C,-3.0
YDL036C,12.0
YDL037C,-8.0
YDL038C,-28.0
YDL039C,-32.0
YDL040C,14.0
YDL041W,-6.0
YDL042C,8.0
YDL043C,2.0
YDL044C,-3.0
YDL045C,-11.0
YDL046W,-14.0
YDL047W,-12.0
YDL048C,15.0
YDL049C,6.0
YDL050C,1.0
YDL051W,3.0
YDL052C,17.0
YDL053C,20.0
YDL054C,10.0
YDL055C,-4.0
YDL056W,15.0
YDL057W,0.0
YDL058W,-104.0
YDL059C,4.0
YDL060W,-21.0
YDL061C,8.0
YDL062W,3.0
YDL063C,-19.0
YDL064W,6.0
YDL065C,-47.0
YDL066W,6.0
YDL067C,4.0
YDL068W,7.0
YDL069C,16.0
YDL070W,-13.0
YDL071C,2.0
YDL072C,0.0
YDL073W,4.0
YDL074C,-8.0
YDL075W,9.0
YDL076C,-4.0
YDL077C,-6.0
YDL078C,7.0
YDL079C,3.0
YDL080C,-8.0
YDL081C,-18.0
YDL082W,26.0
YDL083C,16.0
YDL084W,-15.0
YDL085W,5.0
YDL086W,-5.0
YDL087C,10.0
YDL088C,1.0
YDL089W,9.0
YDL090C,-6.0
YDL091C,-7.0
YDL092W,12.0
YDL093W,3.0
YDL094C,9.0
YDL095W,-10.0
YDL096C,4.0
YDL097C,-7.0
YDL098C,3.0
YDL099W,-30.0
YDL100C,-17.0
YDL101C,2.0
YDL102W,6.0
YDL103C,0.0
YDL104C,1.0
YDL105W,9.0
YDL106C,-29.0
YDL107W,10.0
YDL108W,-2.0
YDL109C,4.0
YDL110C,-13.0
YDL111C,-9.0
YDL112W,-26.0
YDL113C,-4.0
YDL114W,12.0
YDL115C,-36.0
YDL116W,-45.0
YDL117W,18.0
YDL118W,5.0
YDL119C,18.0
YDL120W,-5.0
YDL121C,1.0
YDL122W,-55.0
YDL123W,-1.0
YDL124W,-4.0
YDL125C,-2.0
YDL126C,-42.0
YDL127W,17.0
YDL128W,-11.0
YDL129W,9.0
YDL130W,-17.0
YDL131W,-8.0
YDL132W,6.0
YDL133W,7.0
YDL134C,-28.0
YDL133C-A,17.0
YDL135C,-3.0
YDL136W,23.0
YDL137W,0.0
YDL138W,-11.0
YDL139C,-3.0
YDL140C,-43.0
YDL141W,-4.0
YDL142C,15.0
YDL143W,2.0
YDL144C,-3.0
YDL145C,-27.0
YDL146W,-7.0
YDL147W,-9.0
YDL148C,-1.0
YDL149W,-21.0
YDL150W,3.0
YDL151C,-6.0
YDL152W,-3.0
YDL153C,-61.0
YDL154W,-32.0
YDL155W,-22.0
YDL156W,-1.0
YDL157C,6.0
YDL158C,3.0
YDL159W,14.0
YDL160C,2.0
YDL161W,-6.0
YDL162C,2.0
YDL163W,-6.0
YDL164C,1.0
YDL165W,-4.0
YDL166C,-21.0
YDL167C,-6.0
YDL168W,-3.0
YDL169C,-4.0
YDL170W,-5.0
YDL171C,-23.0
YDL172C,0.0
YDL173W,9.0
YDL174C,-5.0
YDL175C,14.0
YDL176W,-6.0
YDL177C,14.0
YDL178W,-9.0
YDL179W,11.0
YDL180W,-17.0
YDL181W,6.0
YDL182W,-1.0
YDL183C,20.0
YDL184C,17.0
YDL185W,-16.0
YDL186W,-9.0
YDL187C,12.0
YDL188C,-30.0
YDL189W,2.0
YDL190C,-20.0
YDL191W,23.0
YDL192W,0.0
YDL193W,-2.0
YDL194W,-21.0
YDL195W,-25.0
YDL196W,8.0
YDL197C,10.0
YDL198C,19.0
YDL199C,11.0
YDL200C,5.0
YDL201W,9.0
YDL202W,13.0
YDL203C,7.0
YDL204W,7.0
YDL205C,-5.0
YDL206W,-11.0
YDL207W,9.0
YDL208W,13.0
YDL209C,2.0
YDL210W,-2.0
YDL211C,-9.0
YDL212W,2.0
YDL213C,22.0
YDL214C,-7.0
YDL215C,-26.0
YDL216C,-12.0
YDL217C,-1.0
YDL218W,2.0
YDL219W,0.0
YDL220C,-10.0
YDL221W,7.0
YDL222C,11.0
YDL223C,-28.0
YDL224C,-5.0
YDL225W,-14.0
YDL226C,-7.0
YDL227C,28.0
YDL228C,-7.0
YDL229W,-12.0
YDL230W,2.0
YDL231C,24.0
YDL232W,-2.0
YDL233W,3.0
YDL234C,-29.0
YDL235C,-11.0
YDL236W,-2.0
YDL237W,-12.0
YDL238C,-12.0
YDL239C,6.0
YDL240W,13.0
YDL241W,0.0
YDL242W,3.0
YDL243C,-3.0
YDL244W,3.0
YDL245C,5.0
YDL246C,-3.0
YDL247W,12.0
YDL248W,8.0
YDR001C,1.0
YDR002W,-3.0
YDR003W,-6.0
YDR004W,-4.0
YDR005C,-9.0
YDR006C,17.0
YDR007W,-5.0
YDR008C,5.0
YDR009W,-3.0
YDR010C,6.0
YDR011W,2.0
YDR012W,34.0
YDR013W,-6.0
YDR014W,-14.0
YDR015C,-1.0
YDR016C,-9.0
YDR017C,-13.0
YDR018C,21.0
YDR019C,6.0
YDR020C,-12.0
YDR021W,9.0
YDR022C,-28.0
YDR023W,-8.0
YDR024W,10.0
YDR025W,26.0
YDR026C,21.0
YDR027C,-13.0
YDR028C,-61.0
YDR029W,5.0
YDR030C,-2.0
YDR031W,-2.0
YDR032C,-6.0
YDR033W,14.0
YDR034C,-4.0
YDR035W,0.0
YDR036C,5.0
YDR037W,-13.0
YDR038C,-27.0
YDR039C,-27.0
YDR040C,-28.0
YDR041W,6.0
YDR042C,13.0
YDR043C,7.0
YDR044W,-4.0
YDR045C,-4.0
YDR046C,4.0
YDR047W,-1.0
YDR048C,7.0
YDR049W,11.0
YDR050C,-3.0
YDR051C,-1.0
YDR052C,23.0
YDR053W,1.0
YDR054C,-45.0
YDR055W,9.0
YDR056C,-8.0
YDR057W,-41.0
YDR058C,5.0
YDR059C,-1.0
YDR060W,-54.0
YDR061W,-3.0
YDR062W,5.0
YDR063W,-13.0
YDR064W,16.0
YDR065W,35.0
YDR066C,-11.0
YDR067C,8.0
YDR068W,-38.0
YDR069C,8.0
YDR070C,5.0
YDR071C,-6.0
YDR072C,1.0
YDR073W,1.0
YDR074W,5.0
YDR075W,-15.0
YDR076W,-2.0
YDR077W,-22.0
YDR078C,-18.0
YDR079W,5.0
YDR080W,-59.0
YDR081C,-11.0
YDR082W,-13.0
YDR083W,19.0
YDR084C,4.0
YDR085C,9.0
YDR086C,5.0
YDR087C,-9.0
YDR088C,7.0
YDR089W,-23.0
YDR090C,-4.0
YDR091C,12.0
YDR092W,-4.0
YDR093W,-19.0
YDR094W,3.0
YDR095C,14.0
YDR096W,0.0
YDR097C,-23.0
YDR098C,-28.0
YDR099W,-16.0
YDR100W,-6.0
YDR101C,-2.0
YDR102C,4.0
YDR103W,-28.0
YDR104C,34.0
YDR105C,-8.0
YDR106W,2.0
YDR107C,0.0
YDR108W,-10.0
YDR109C,-4.0
YDR110W,-10.0
YDR111C,-11.0
YDR112W,7.0
YDR113C,-19.0
YDR114C,7.0
YDR115W,23.0
YDR116C,20.0
YDR117C,12.0
YDR118W,-13.0
YDR119W,8.0
YDR120C,18.0
YDR121W,-12.0
YDR122W,10.0
YDR123C,-14.0
YDR124W,2.0
YDR125C,22.0
YDR126W,0.0
YDR127W,-26.0
YDR128W,-28.0
YDR129C,-18.0
YDR130C,16.0
YDR131C,-2.0
YDR132C,0.0
YDR133C,10.0
YDR134C,-5.0
YDR135C,13.0
YDR136C,17.0
YDR137W,-13.0
YDR138W,-22.0
YDR139C,-2.0
YDR140W,-7.0
YDR141C,-33.0
YDR142C,4.0
YDR143C,-22.0
YDR144C,-27.0
YDR145W,16.0
YDR146C,10.0
YDR147W,-14.0
YDR148C,5.0
YDR149C,-2.0
YDR150W,-123.0
YDR151C,8.0
YDR152W,-31.0
YDR153C,-4.0
YDR154C,6.0
YDR155C,0.0
YDR156W,-4.0
YDR157W,6.0
YDR158W,-3.0
YDR159W,21.0
YDR160W,10.0
YDR161W,-37.0
YDR162C,-38.0
YDR163W,4.0
YDR164C,-2.0
YDR165W,-5.0
YDR166C,-13.0
YDR167W,-15.0
YDR168W,-31.0
YDR169C,-1.0
YDR170C,-126.0
YDR171W,-23.0
YDR172W,-3.0
YDR173C,-27.0
YDR174W,2.0
YDR175C,8.0
YDR176W,-25.0
YDR177W,-10.0
YDR178W,4.0
YDR179C,-8.0
YDR179W-A,9.0
YDR180W,-10.0
YDR181C,19.0
YDR182W,19.0
YDR183W,-13.0
YDR184C,-8.0
YDR185C,8.0
YDR186C,-24.0
YDR187C,5.0
YDR188W,-9.0
YDR189W,-18.0
YDR190C,-7.0
YDR191W,14.0
YDR192C,8.0
YDR193W,-2.0
YDR194C,13.0
YDR195W,29.0
YDR196C,4.0
YDR197W,17.0
YDR198C,-19.0
YDR199W,1.0
YDR200C,-1.0
YDR201W,-9.0
YDR202C,-4.0
YDR203W,-2.0
YDR204W,16.0
YDR205W,0.0
YDR206W,14.0
YDR207C,29.0
YDR208W,20.0
YDR209C,-6.0
YDR210W,-3.0
YDR211W,-47.0
YDR212W,-5.0
YDR213W,-16.0
YDR214W,0.0
YDR215C,9.0
YDR216W,-14.0
YDR217C,-42.0
YDR218C,-9.0
YDR219C,6.0
YDR220C,8.0
YDR221W,-40.0
YDR222W,5.0
YDR223W,-29.0
YDR224C,15.0
YDR225W,13.0
YDR226W,-3.0
YDR227W,21.0
YDR228C,2.0
YDR229W,-23.0
YDR230W,5.0
YDR231C,8.0
YDR232W,-1.0
YDR233C,7.0
YDR234W,-1.0
YDR235W,4.0
YDR236C,-7.0
YDR237W,15.0
YDR238C,-25.0
YDR239C,-10.0
YDR240C,18.0
YDR241W,10.0
YDR242W,-13.0
YDR243C,6.0
YDR244W,-26.0
YDR245W,-2.0
YDR246W,4.0
YDR247W,-4.0
YDR248C,-1.0
YDR249C,5.0
YDR250C,2.0
YDR251W,5.0
YDR252W,3.0
YDR253C,16.0
YDR254W,7.0
YDR255C,5.0
YDR256C,-1.0
YDR257C,-18.0
YDR258C,3.0
YDR259C,3.0
YDR260C,-9.0
YDR261C,-16.0
YDR262W,-7.0
YDR263C,19.0
YDR264C,-22.0
YDR265W,18.0
YDR266C,22.0
YDR267C,-27.0
YDR268W,8.0
YDR269C,-1.0
YDR270W,-28.0
YDR271C,-1.0
YDR272W,-6.0
YDR273W,-22.0
YDR274C,12.0
YDR275W,-8.0
YDR276C,-2.0
YDR277C,8.0
YDR278C,7.0
YDR279W,0.0
YDR280W,-15.0
YDR281C,-7.0
YDR282C,-4.0
YDR283C,-19.0
YDR284C,-5.0
YDR285W,-6.0
YDR286C,2.0
YDR287W,-7.0
YDR288W,-10.0
YDR289C,-31.0
YDR290W,0.0
YDR291W,-14.0
YDR292C,-2.0
YDR293C,-1.0
YDR294C,3.0
YDR295C,9.0
YDR296W,12.0
YDR297W,2.0
YDR298C,9.0
YDR299W,-41.0
YDR300C,-4.0
YDR301W,-25.0
YDR302W,10.0
YDR303C,4.0
YDR304C,-9.0
YDR305C,4.0
YDR306C,10.0
YDR307W,-4.0
YDR308C,-8.0
YDR309C,11.0
YDR310C,-15.0
YDR311W,-4.0
YDR312W,8.0
YDR313C,-11.0
YDR314C,31.0
YDR315C,2.0
YDR316W,21.0
YDR317W,13.0
YDR318W,-21.0
YDR319C,6.0
YDR320C,-20.0
YDR321W,-10.0
YDR322W,13.0
YDR323C,11.0
YDR324C,-6.0
YDR325W,-59.0
YDR326C,-3.0
YDR327W,5.0
YDR328C,-25.0
YDR329C,-4.0
YDR330W,-37.0
YDR331W,-22.0
YDR332W,14.0
YDR333C,-21.0
YDR334W,-30.0
YDR335W,-34.0
YDR336W,20.0
YDR337W,19.0
YDR338C,-22.0
YDR339C,19.0
YDR340W,2.0
YDR341C,-5.0
YDR342C,2.0
YDR343C,2.0
YDR344C,4.0
YDR345C,0.0
YDR346C,-55.0
YDR347W,7.0
YDR348C,12.0
YDR349C,-15.0
YDR350C,24.0
YDR351W,9.0
YDR352W,-9.0
YDR353W,-5.0
YDR354W,-7.0
YDR355C,-1.0
YDR356W,-3.0
YDR357C,-5.0
YDR358W,-10.0
YDR359C,16.0
YDR360W,6.0
YDR361C,-22.0
YDR362C,-7.0
YDR363W,-22.0
YDR364C,-3.0
YDR365C,-26.0
YDR366C,5.0
YDR367W,2.0
YDR368W,-1.0
YDR369C,5.0
YDR370C,6.0
YDR371W,3.0
YDR372C,-12.0
YDR373W,-10.0
YDR374C,5.0
YDR375C,5.0
YDR376W,9.0
YDR377W,10.0
YDR378C,-1.0
YDR379W,4.0
YDR380W,-7.0
YDR381W,29.0
YDR382W,-15.0
YDR383C,-19.0
YDR384C,-8.0
YDR385W,-11.0
YDR386W,9.0
YDR387C,4.0
YDR388W,-5.0
YDR389W,19.0
YDR390C,-21.0
YDR391C,-3.0
YDR392W,1.0
YDR393W,7.0
YDR394W,-8.0
YDR395W,-59.0
YDR396W,-9.0
YDR397C,-9.0
YDR398W,-35.0
YDR399W,-6.0
YDR400W,-11.0
YDR401W,16.0
YDR402C,8.0
YDR403W,-9.0
YDR404C,1.0
YDR405W,10.0
YDR406W,7.0
YDR407C,1.0
YDR408C,-4.0
YDR409W,-5.0
YDR410C,1.0
YDR411C,12.0
YDR412W,9.0
YDR413C,9.0
YDR414C,12.0
YDR415C,-13.0
YDR416W,-29.0
YDR417C,0.0
YDR418W,6.0
YDR419W,8.0
YDR420W,-65.0
YDR421W,-10.0
YDR422C,-16.0
YDR423C,-1.0
YDR424C,1.0
YDR425W,-5.0
YDR426C,3.0
YDR427W,-9.0
YDR428C,-8.0
YDR429C,-1.0
YDR430C,-16.0
YDR431W,11.0
YDR432W,-14.0
YDR433W,-24.0
YDR434W,-31.0
YDR435C,0.0
YDR436W,22.0
YDR437W,-10.0
YDR438W,-4.0
YDR439W,13.0
YDR440W,17.0
YDR441C,-12.0
YDR442W,6.0
YDR443C,-37.0
YDR444W,3.0
YDR445C,1.0
YDR446W,2.0
YDR447C,17.0
YDR448W,-5.0
YDR449C,11.0
YDR450W,12.0
YDR451C,27.0
YDR452W,-4.0
YDR453C,0.0
YDR454C,0.0
YDR455C,-1.0
YDR456W,-24.0
YDR457W,-136.0
YDR458C,2.0
YDR459C,7.0
YDR460W,-4.0
YDR461W,1.0
YDR462W,16.0
YDR463W,0.0
YDR464W,18.0
YDR465C,-39.0
YDR466W,29.0
YDR467C,4.0
YDR468C,-21.0
YDR469W,-12.0
YDR470C,-2.0
YDR471W,20.0
YDR472W,0.0
YDR473C,6.0
YDR474C,27.0
YDR475C,34.0
YDR476C,-3.0
YDR477W,-13.0
YDR478W,17.0
YDR479C,-8.0
YDR480W,-1.0
YDR481C,-28.0
YDR482C,6.0
YDR483W,-15.0
YDR484W,-11.0
YDR485C,-31.0
YDR486C,-15.0
YDR487C,-7.0
YDR488C,-16.0
YDR489W,-18.0
YDR490C,19.0
YDR491C,11.0
YDR492W,7.0
YDR493W,9.0
YDR494W,26.0
YDR495C,-46.0
YDR496C,-5.0
YDR497C,-4.0
YDR498C,-8.0
YDR499W,-16.0
YDR500C,22.0
YDR501W,17.0
YDR502C,-11.0
YDR503C,5.0
YDR504C,7.0
YDR505C,-8.0
YDR506C,-13.0
YDR507C,24.0
YDR508C,2.0
YDR509W,12.0
YDR510W,-6.0
YDR511W,3.0
YDR512C,4.0
YDR513W,0.0
YDR514C,11.0
YDR515W,11.0
YDR516C,-9.0
YDR517W,-14.0
YDR518W,-33.0
YDR519W,-2.0
YDR520C,4.0
YDR521W,-1.0
YDR522C,-1.0
YDR523C,1.0
YDR524C,23.0
YDR525W,23.0
YDR526C,-3.0
YDR527W,-26.0
YDR528W,-3.0
YDR529C,-3.0
YDR530C,-14.0
YDR531W,-6.0
YDR532C,-23.0
YDR533C,-7.0
YDR534C,-28.0
YDR535C,7.0
YDR536W,-4.0
YDR537C,2.0
YDR538W,10.0
YDR539W,-12.0
YDR540C,7.0
YDR541C,-7.0
YDR542W,-2.0
YDR543C,6.0
YDR544C,5.0
YDR545W,2.0
YEL059C-A,-1.0
YEL076C-A,1.0
YEL075W-A,23.0
YER007C-A,-1.0
YER060W-A,-10.0
YER066C-A,10.0
YER093C-A,6.0
YER119C-A,2.0
YFL002W-A,5.0
YFL012W-A,9.0
YFL017W-A,-2.0
YFR024C-A,1.0
YGL001C,-4.0
YGL002W,-2.0
YGL003C,6.0
YGL004C,-18.0
YGL005C,-19.0
YGL006W,0.0
YGL007W,8.0
YGL008C,-32.0
YGL009C,-17.0
YGL010W,6.0
YGL011C,-3.0
YGL012W,10.0
YGL013C,-6.0
YGL014W,-13.0
YGL015C,-1.0
YGL016W,-39.0
YGL017W,-8.0
YGL018C,1.0
YGL019W,-30.0
YGL020C,5.0
YGL021W,31.0
YGL022W,2.0
YGL023C,1.0
YGL024W,6.0
YGL025C,3.0
YGL026C,-10.0
YGL027C,-39.0
YGL028C,-25.0
YGL029W,22.0
YGL030W,8.0
YGL031C,33.0
YGL032C,0.0
YGL033W,-12.0
YGL034C,2.0
YGL035C,17.0
YGL036W,-17.0
YGL037C,-8.0
YGL038C,0.0
YGL039W,-5.0
YGL040C,-7.0
YGL041C,1.0
YGL042C,1.0
YGL043W,9.0
YGL044C,-7.0
YGL045W,14.0
YGL046W,23.0
YGL047W,-4.0
YGL048C,8.0
YGL049C,0.0
YGL050W,2.0
YGL051W,1.0
YGL052W,11.0
YGL053W,-9.0
YGL054C,-1.0
YGL055W,9.0
YGL056C,8.0
YGL057C,8.0
YGL058W,-23.0
YGL059W,2.0
YGL060W,-23.0
YGL061C,14.0
YGL062W,-21.0
YGL063W,9.0
YGL064C,36.0
YGL065C,-7.0
YGL066W,11.0
YGL067W,-4.0
YGL068W,4.0
YGL069C,-6.0
YGL070C,1.0
YGL071W,-11.0
YGL072C,5.0
YGL073W,-30.0
YGL074C,6.0
YGL075C,2.0
YGL076C,24.0
YGL077C,-4.0
YGL078C,13.0
YGL079W,-25.0
YGL080W,7.0
YGL081W,-17.0
YGL082W,-5.0
YGL083W,4.0
YGL084C,19.0
YGL085W,23.0
YGL086W,-17.0
YGL087C,-1.0
YGL088W,1.0
YGL089C,-6.0
YGL090W,-23.0
YGL091C,-25.0
YGL092W,-17.0
YGL093W,-35.0
YGL094C,-10.0
YGL095C,-8.0
YGL096W,17.0
YGL097W,-12.0
YGL098W,-7.0
YGL099W,8.0
YGL100W,-13.0
YGL101W,-6.0
YGL102C,-8.0
YGL103W,20.0
YGL104C,14.0
YGL105W,1.0
YGL106W,-9.0
YGL107C,2.0
YGL108C,17.0
YGL109W,6.0
YGL110C,-4.0
YGL111W,1.0
YGL112C,-15.0
YGL113W,37.0
YGL114W,-3.0
YGL115W,-5.0
YGL116W,11.0
YGL117W,0.0
YGL118C,7.0
YGL119W,17.0
YGL120C,-13.0
YGL121C,-10.0
YGL122C,7.0
YGL123W,20.0
YGL124C,-1.0
YGL125W,-17.0
YGL126W,18.0
YGL127C,-6.0
YGL128C,-11.0
YGL129C,26.0
YGL130W,-9.0
YGL131C,35.0
YGL132W,3.0
YGL133W,-27.0
YGL134W,-25.0
YGL135W,16.0
YGL136C,6.0
YGL137W,-57.0
YGL138C,14.0
YGL139W,0.0
YGL140C,7.0
YGL141W,-10.0
YGL142C,4.0
YGL143C,5.0
YGL144C,-15.0
YGL145W,-8.0
YGL146C,-1.0
YGL147C,11.0
YGL148W,1.0
YGL149W,3.0
YGL150C,-36.0
YGL151W,-41.0
YGL152C,-2.0
YGL153W,-17.0
YGL154C,-12.0
YGL155W,-8.0
YGL156W,-3.0
YGL157W,-7.0
YGL158W,-17.0
YGL159W,-7.0
YGL160W,9.0
YGL161C,-11.0
YGL162W,15.0
YGL163C,23.0
YGL164C,-28.0
YGL165C,1.0
YGL166W,2.0
YGL167C,-17.0
YGL168W,4.0
YGL169W,-1.0
YGL170C,-8.0
YGL171W,17.0
YGL172W,-4.0
YGL173C,-3.0
YGL174W,9.0
YGL175C,-3.0
YGL176C,6.0
YGL177W,15.0
YGL178W,3.0
YGL179C,0.0
YGL180W,-11.0
YGL181W,0.0
YGL182C,12.0
YGL183C,14.0
YGL184C,3.0
YGL185C,3.0
YGL186C,11.0
YGL187C,-1.0
YGL188C,5.0
YGL189C,22.0
YGL190C,-9.0
YGL191W,1.0
YGL192W,4.0
YGL193C,7.0
YGL194C,-25.0
YGL195W,-75.0
YGL196W,1.0
YGL197W,-1.0
YGL198W,-1.0
YGL199C,-3.0
YGL200C,-2.0
YGL201C,-39.0
YGL202W,-9.0
YGL203C,-77.0
YGL204C,9.0
YGL205W,7.0
YGL206C,-57.0
YGL207W,-38.0
YGL208W,-10.0
YGL209W,14.0
YGL210W,-5.0
YGL211W,12.0
YGL212W,2.0
YGL213C,-16.0
YGL214W,1.0
YGL215W,-2.0
YGL216W,-3.0
YGL217C,-2.0
YGL218W,8.0
YGL219C,10.0
YGL220W,2.0
YGL221C,0.0
YGL222C,22.0
YGL223C,-15.0
YGL224C,-6.0
YGL225W,11.0
YGL226C-A,3.0
YGL226W,5.0
YGL227W,-72.0
YGL228W,-13.0
YGL229C,-64.0
YGL230C,3.0
YGL231C,7.0
YGL232W,5.0
YGL233W,-41.0
YGL234W,-27.0
YGL235W,3.0
YGL236C,5.0
YGL237C,2.0
YGL238W,-28.0
YGL239C,3.0
YGL240W,-11.0
YGL241W,-65.0
YGL242C,-33.0
YGL243W,5.0
YGL244W,-20.0
YGL245W,0.0
YGL246C,-4.0
YGL247W,2.0
YGL248W,-10.0
YGL249W,7.0
YGL250W,-33.0
YGL251C,2.0
YGL252C,3.0
YGL253W,-12.0
YGL254W,2.0
YGL255W,-7.0
YGL256W,-9.0
YGL257C,-18.0
YGL258W,-10.0
YGL259W,-4.0
YGL260W,3.0
YGL261C,-3.0
YGL262W,-1.0
YGL263W,5.0
YGR001C,-16.0
YGR002C,15.0
YGR003W,-11.0
YGR004W,10.0
YGR005C,-1.0
YGR006W,-3.0
YGR007W,-7.0
YGR008C,1.0
YGR009C,-22.0
YGR010W,-12.0
YGR011W,7.0
YGR012W,4.0
YGR013W,-43.0
YGR014W,-61.0
YGR015C,5.0
YGR016W,5.0
YGR017W,-27.0
YGR018C,1.0
YGR019W,-4.0
YGR020C,-7.0
YGR021W,-6.0
YGR022C,-17.0
YGR023W,-21.0
YGR024C,3.0
YGR025W,15.0
YGR026W,24.0
YGR027C,16.0
YGR028W,-4.0
YGR029W,3.0
YGR030C,6.0
YGR031W,6.0
YGR032W,-9.0
YGR033C,22.0
YGR034W,17.0
YGR035C,9.0
YGR036C,4.0
YGR037C,-4.0
YGR038W,-3.0
YGR039W,4.0
YGR040W,-12.0
YGR041W,-5.0
YGR042W,14.0
YGR043C,-5.0
YGR044C,-2.0
YGR045C,7.0
YGR046W,20.0
YGR047C,-39.0
YGR048W,-2.0
YGR049W,5.0
YGR050C,8.0
YGR051C,15.0
YGR052W,-4.0
YGR053C,11.0
YGR054W,13.0
YGR055W,1.0
YGR056W,-10.0
YGR057C,-2.0
YGR058W,8.0
YGR059W,0.0
YGR060W,2.0
YGR061C,-42.0
YGR062C,26.0
YGR063C,-4.0
YGR064W,11.0
YGR065C,15.0
YGR066C,-14.0
YGR067C,-1.0
YGR068C,4.0
YGR069W,3.0
YGR070W,32.0
YGR071C,-26.0
YGR072W,39.0
YGR073C,8.0
YGR074W,13.0
YGR075C,-10.0
YGR076C,21.0
YGR077C,0.0
YGR078C,-11.0
YGR079W,-9.0
YGR080W,-5.0
YGR081C,14.0
YGR082W,-2.0
YGR083C,20.0
YGR084C,11.0
YGR085C,12.0
YGR086C,-30.0
YGR087C,-9.0
YGR088W,-8.0
YGR089W,10.0
YGR090W,10.0
YGR091W,2.0
YGR092W,8.0
YGR093W,-8.0
YGR094W,-6.0
YGR095C,-11.0
YGR096W,17.0
YGR097W,29.0
YGR098C,13.0
YGR099W,-6.0
YGR100W,-28.0
YGR101W,24.0
YGR102C,10.0
YGR103W,-12.0
YGR104C,-11.0
YGR105W,-2.0
YGR106C,-35.0
YGR107W,17.0
YGR108W,-10.0
YGR109C,4.0
YGR110W,18.0
YGR111W,-8.0
YGR112W,23.0
YGR113W,6.0
YGR114C,7.0
YGR115C,0.0
YGR116W,-87.0
YGR117C,-1.0
YGR118W,23.0
YGR119C,13.0
YGR120C,-24.0
YGR121C,-10.0
YGR122W,4.0
YGR123C,1.0
YGR124W,-19.0
YGR125W,-1.0
YGR126W,-7.0
YGR127W,-2.0
YGR128C,-23.0
YGR129W,8.0
YGR130C,-44.0
YGR131W,10.0
YGR132C,1.0
YGR133W,-6.0
YGR134W,-50.0
YGR135W,-8.0
YGR136W,-3.0
YGR137W,10.0
YGR138C,-1.0
YGR139W,17.0
YGR140W,-19.0
YGR141W,3.0
YGR142W,-19.0
YGR143W,-41.0
YGR144W,-8.0
YGR145W,-6.0
YGR146C,-7.0
YGR147C,23.0
YGR148C,33.0
YGR149W,6.0
YGR150C,10.0
YGR151C,19.0
YGR152C,7.0
YGR153W,-8.0
YGR154C,6.0
YGR155W,-3.0
YGR156W,-3.0
YGR157W,6.0
YGR158C,-11.0
YGR159C,-22.0
YGR160W,-62.0
YGR161C,12.0
YGR162W,-14.0
YGR163W,-21.0
YGR164W,13.0
YGR165W,22.0
YGR166W,9.0
YGR167W,-31.0
YGR168C,40.0
YGR169C,5.0
YGR170W,3.0
YGR171C,10.0
YGR172C,-3.0
YGR173W,5.0
YGR174C,6.0
YGR175C,-6.0
YGR176W,15.0
YGR177C,-15.0
YGR178C,-6.0
YGR179C,-7.0
YGR180C,-13.0
YGR181W,2.0
YGR182C,7.0
YGR183C,-1.0
YGR184C,-65.0
YGR185C,4.0
YGR186W,-12.0
YGR187C,-31.0
YGR188C,-8.0
YGR189C,-21.0
YGR190C,-6.0
YGR191W,0.0
YGR192C,-2.0
YGR193C,-6.0
YGR194C,-5.0
YGR195W,1.0
YGR196C,-81.0
YGR197C,6.0
YGR198W,-24.0
YGR199W,-8.0
YGR200C,-27.0
YGR201C,-6.0
YGR202C,6.0
YGR203W,0.0
YGR204W,-7.0
YGR205W,-9.0
YGR206W,2.0
YGR207C,3.0
YGR208W,-10.0
YGR209C,-3.0
YGR210C,3.0
YGR211W,-30.0
YGR212W,-6.0
YGR213C,1.0
YGR214W,-18.0
YGR215W,16.0
YGR216C,17.0
YGR217W,17.0
YGR218W,-29.0
YGR219W,1.0
YGR220C,23.0
YGR221C,-8.0
YGR222W,7.0
YGR223C,12.0
YGR224W,12.0
YGR225W,8.0
YGR226C,3.0
YGR227W,18.0
YGR228W,0.0
YGR229C,-44.0
YGR230W,19.0
YGR231C,13.0
YGR232W,-5.0
YGR233C,-30.0
YGR234W,-10.0
YGR235C,7.0
YGR236C,1.0
YGR237C,13.0
YGR238C,4.0
YGR239C,-4.0
YGR240C,-14.0
YGR241C,-5.0
YGR242W,0.0
YGR243W,12.0
YGR244C,0.0
YGR245C,-4.0
YGR246C,-4.0
YGR247W,0.0
YGR248W,-8.0
YGR249W,12.0
YGR250C,-29.0
YGR251W,13.0
YGR252W,-4.0
YGR253C,-21.0
YGR254W,-5.0
YGR255C,-2.0
YGR256W,-1.0
YGR257C,15.0
YGR258C,-35.0
YGR259C,10.0
YGR260W,-2.0
YGR261C,-16.0
YGR262C,4.0
YGR263C,0.0
YGR264C,-10.0
YGR265W,21.0
YGR266W,-8.0
YGR267C,-1.0
YGR268C,10.0
YGR269W,8.0
YGR270W,-55.0
YGR271W,-24.0
YGR272C,22.0
YGR273C,3.0
YGR274C,-2.0
YGR275W,-2.0
YGR276C,-2.0
YGR277C,-7.0
YGR278W,-4.0
YGR279C,-13.0
YGR280C,27.0
YGR281W,2.0
YGR282C,-19.0
YGR283C,14.0
YGR284C,15.0
YGR285C,2.0
YGR286C,7.0
YGR287C,-20.0
YGR288W,-5.0
YGR289C,-5.0
YGR290W,1.0
YGR291C,5.0
YGR292W,-16.0
YGR293C,9.0
YGR294W,-3.0
YGR295C,10.0
YGR296W,-3.0
YHR001W-A,1.0
YHR005C-A,-1.0
YHR021W-A,8.0
YHR049C-A,15.0
YHR139C-A,10.0
YHR214C-B,10.0
YHR214W-A,8.0
YIL014C-A,-14.0
YIL082W-A,38.0
YJL001W,-4.0
YJL002C,-19.0
YJL003W,3.0
YJL004C,-2.0
YJL005W,-6.0
YJL006C,3.0
YJL007C,-1.0
YJL008C,-12.0
YJL009W,5.0
YJL010C,3.0
YJL011C,-4.0
YJL012C,-5.0
YJL013C,1.0
YJL014W,-7.0
YJL015C,10.0
YJL016W,1.0
YJL017W,-3.0
YJL018W,-4.0
YJL019W,-27.0
YJL020C,-57.0
YJL021C,9.0
YJL022W,2.0
YJL023C,22.0
YJL024C,-14.0
YJL025W,4.0
YJL026W,-18.0
YJL027C,13.0
YJL028W,16.0
YJL029C,-15.0
YJL030W,-6.0
YJL031C,-1.0
YJL032W,11.0
YJL033W,-1.0
YJL034W,-34.0
YJL035C,-1.0
YJL036W,-6.0
YJL037W,8.0
YJL038C,0.0
YJL039C,-43.0
YJL041W,-3.0
YJL042W,-5.0
YJL043W,-10.0
YJL044C,-11.0
YJL045W,-2.0
YJL046W,0.0
YJL047C,0.0
YJL048C,4.0
YJL049W,-17.0
YJL050W,-16.0
YJL051W,-11.0
YJL052W,2.0
YJL053W,3.0
YJL054W,-7.0
YJL055W,-9.0
YJL056C,-13.0
YJL057C,-9.0
YJL058C,-1.0
YJL059W,-1.0
YJL060W,-3.0
YJL061W,-19.0
YJL062W,-17.0
YJL063C,13.0
YJL064W,0.0
YJL065C,-21.0
YJL066C,-5.0
YJL067W,7.0
YJL068C,-5.0
YJL069C,-34.0
YJL070C,-23.0
YJL071W,9.0
YJL072C,-3.0
YJL073W,13.0
YJL074C,-21.0
YJL075C,-23.0
YJL076W,1.0
YJL077C,12.0
YJL078C,-33.0
YJL079C,-16.0
YJL080C,-22.0
YJL081C,-11.0
YJL082W,-5.0
YJL083W,23.0
YJL084C,-10.0
YJL085W,0.0
YJL086C,9.0
YJL087C,4.0
YJL088W,-6.0
YJL089W,-7.0
YJL090C,17.0
YJL091C,18.0
YJL092W,14.0
YJL093C,-2.0
YJL094C,-14.0
YJL095W,49.0
YJL096W,19.0
YJL097W,16.0
YJL098W,-132.0
YJL099W,-13.0
YJL100W,-8.0
YJL101C,-13.0
YJL102W,-6.0
YJL103C,4.0
YJL104W,6.0
YJL105W,13.0
YJL106W,-31.0
YJL107C,-12.0
YJL108C,3.0
YJL109C,-13.0
YJL110C,17.0
YJL111W,-11.0
YJL112W,-17.0
YJL113W,18.0
YJL114W,-5.0
YJL115W,-70.0
YJL116C,-24.0
YJL117W,13.0
YJL118W,24.0
YJL119C,4.0
YJL120W,6.0
YJL121C,-6.0
YJL122W,14.0
YJL123C,-46.0
YJL124C,-3.0
YJL125C,0.0
YJL126W,-3.0
YJL127C,-16.0
YJL128C,11.0
YJL129C,9.0
YJL130C,-46.0
YJL131C,29.0
YJL132W,-13.0
YJL133W,4.0
YJL134W,14.0
YJL135W,13.0
YJL136C,-1.0
YJL137C,-10.0
YJL138C,-13.0
YJL139C,-16.0
YJL140W,-17.0
YJL141C,8.0
YJL142C,11.0
YJL143W,6.0
YJL144W,-1.0
YJL145W,2.0
YJL146W,-22.0
YJL147C,9.0
YJL148W,4.0
YJL149W,-7.0
YJL150W,2.0
YJL151C,-9.0
YJL152W,10.0
YJL153C,-9.0
YJL154C,-17.0
YJL155C,-2.0
YJL156C,-9.0
YJL157C,-28.0
YJL158C,-8.0
YJL159W,-5.0
YJL160C,6.0
YJL161W,4.0
YJL162C,2.0
YJL163C,5.0
YJL164C,-12.0
YJL165C,9.0
YJL166W,6.0
YJL167W,-9.0
YJL168C,12.0
YJL169W,-4.0
YJL170C,-6.0
YJL171C,-12.0
YJL172W,-29.0
YJL173C,-5.0
YJL174W,7.0
YJL175W,-3.0
YJL176C,-51.0
YJL177W,23.0
YJL178C,-4.0
YJL179W,3.0
YJL180C,5.0
YJL181W,-20.0
YJL182C,13.0
YJL183W,3.0
YJL184W,-7.0
YJL185C,-14.0
YJL186W,-5.0
YJL187C,-16.0
YJL188C,3.0
YJL189W,17.0
YJL190C,9.0
YJL191W,11.0
YJL192C,7.0
YJL193W,17.0
YJL194W,18.0
YJL195C,-4.0
YJL196C,15.0
YJL197W,-105.0
YJL198W,-2.0
YJL199C,0.0
YJL200C,-4.0
YJL201W,19.0
YJL202C,3.0
YJL203W,1.0
YJL204C,-10.0
YJL206C,5.0
YJL205C,4.0
YJL207C,-42.0
YJL208C,7.0
YJL209W,35.0
YJL210W,12.0
YJL211C,3.0
YJL212C,14.0
YJL213W,-1.0
YJL214W,-7.0
YJL215C,10.0
YJL216C,-19.0
YJL217W,-3.0
YJL218W,-5.0
YJL219W,5.0
YJL220W,8.0
YJL221C,-18.0
YJL222W,-52.0
YJL223C,-3.0
YJL225C,1.0
YJR001W,5.0
YJR002W,-56.0
YJR003C,-11.0
YJR004C,-32.0
YJR005W,-8.0
YJR006W,-20.0
YJR007W,-14.0
YJR008W,-4.0
YJR009C,-2.0
YJR010C-A,3.0
YJR010W,-14.0
YJR011C,-3.0
YJR012C,-16.0
YJR013W,11.0
YJR014W,5.0
YJR015W,-1.0
YJR016C,2.0
YJR017C,3.0
YJR018W,5.0
YJR019C,4.0
YJR020W,2.0
YJR021C,-3.0
YJR022W,0.0
YJR023C,10.0
YJR024C,-4.0
YJR025C,-6.0
YJR026W,1.0
YJR027W,4.0
YJR028W,0.0
YJR029W,10.0
YJR030C,-2.0
YJR031C,-59.0
YJR032W,-10.0
YJR033C,11.0
YJR034W,2.0
YJR035W,-1.0
YJR036C,24.0
YJR037W,-6.0
YJR038C,5.0
YJR039W,-15.0
YJR040W,-2.0
YJR041C,-19.0
YJR042W,-49.0
YJR043C,4.0
YJR044C,-3.0
YJR045C,-8.0
YJR046W,6.0
YJR047C,-11.0
YJR048W,8.0
YJR049C,-2.0
YJR050W,8.0
YJR051W,8.0
YJR052W,-13.0
YJR053W,-12.0
YJR054W,3.0
YJR055W,7.0
YJR056C,-2.0
YJR057W,-4.0
YJR058C,-8.0
YJR059W,13.0
YJR060W,-22.0
YJR061W,-12.0
YJR062C,-14.0
YJR063W,2.0
YJR064W,-14.0
YJR065C,-7.0
YJR066W,-8.0
YJR067C,-6.0
YJR068W,4.0
YJR069C,-5.0
YJR070C,-22.0
YJR071W,6.0
YJR072C,-16.0
YJR073C,6.0
YJR074W,-17.0
YJR075W,1.0
YJR076C,-22.0
YJR077C,9.0
YJR078W,3.0
YJR079W,-7.0
YJR080C,19.0
YJR082C,-5.0
YJR083C,2.0
YJR084W,15.0
YJR085C,4.0
YJR086W,7.0
YJR087W,7.0
YJR088C,-2.0
YJR089W,-11.0
YJR090C,-13.0
YJR091C,-8.0
YJR092W,-105.0
YJR093C,-27.0
YJR094C,-17.0
YJR094W-A,17.0
YJR095W,19.0
YJR096W,-2.0
YJR097W,-11.0
YJR098C,-2.0
YJR099W,-17.0
YJR100C,3.0
YJR101W,4.0
YJR102C,-3.0
YJR103W,-21.0
YJR104C,-5.0
YJR105W,-13.0
YJR106W,-4.0
YJR107W,-7.0
YJR108W,-10.0
YJR109C,-31.0
YJR110W,0.0
YJR111C,4.0
YJR112W,-15.0
YJR113C,12.0
YJR114W,1.0
YJR115W,2.0
YJR116W,13.0
YJR117W,1.0
YJR118C,-16.0
YJR119C,-13.0
YJR120W,10.0
YJR121W,-9.0
YJR122W,1.0
YJR123W,2.0
YJR124C,1.0
YJR125C,-23.0
YJR126C,-4.0
YJR127C,7.0
YJR128W,7.0
YJR129C,-14.0
YJR130C,-10.0
YJR131W,-19.0
YJR132W,-59.0
YJR133W,-5.0
YJR134C,-46.0
YJR135C,-4.0
YJR136C,-3.0
YJR137C,-40.0
YJR138W,21.0
YJR139C,0.0
YJR140C,-28.0
YJR141W,0.0
YJR142W,-10.0
YJR143C,-7.0
YJR144W,14.0
YJR145C,22.0
YJR146W,8.0
YJR147W,8.0
YJR148W,0.0
YJR149W,3.0
YJR150C,-11.0
YJR151C,-46.0
YJR152W,7.0
YJR153W,4.0
YJR154W,-8.0
YJR155W,4.0
YJR156C,2.0
YJR157W,4.0
YJR158W,4.0
YJR159W,-2.0
YJR160C,5.0
YJR161C,6.0
YJR162C,8.0
YLL001W,-16.0
YLL002W,14.0
YLL003W,59.0
YLL004W,-21.0
YLL005C,46.0
YLL006W,-11.0
YLL007C,-10.0
YLL008W,-13.0
YLL009C,-5.0
YLL010C,-20.0
YLL011W,17.0
YLL012W,-9.0
YLL013C,-4.0
YLL014W,-3.0
YLL015W,2.0
YLL016W,-16.0
YLL017W,5.0
YLL018C,-6.0
YLL019C,9.0
YLL020C,6.0
YLL021W,-59.0
YLL022C,-34.0
YLL023C,18.0
YLL024C,-23.0
YLL025W,-5.0
YLL026W,-26.0
YLL027W,23.0
YLL028W,-3.0
YLL029W,-6.0
YLL030C,11.0
YLL031C,-13.0
YLL032C,-2.0
YLL033W,20.0
YLL034C,-17.0
YLL035W,-13.0
YLL036C,-15.0
YLL037W,2.0
YLL038C,6.0
YLL039C,0.0
YLL040C,-76.0
YLL041C,13.0
YLL042C,-10.0
YLL043W,-5.0
YLL044W,-6.0
YLL045C,25.0
YLL046C,24.0
YLL047W,7.0
YLL048C,6.0
YLL049W,-8.0
YLL050C,-4.0
YLL051C,15.0
YLL052C,-10.0
YLL053C,3.0
YLL054C,-10.0
YLL055W,-1.0
YLL056C,-1.0
YLL057C,-8.0
YLL058W,-1.0
YLL059C,7.0
YLL060C,3.0
YLL061W,4.0
YLL062C,-10.0
YLL063C,0.0
YLL064C,-2.0
YLL065W,8.0
YLL066C,5.0
YLL067C,7.0
YLR001C,-12.0
YLR002C,-10.0
YLR003C,2.0
YLR004C,7.0
YLR005W,3.0
YLR006C,-2.0
YLR007W,-13.0
YLR008C,6.0
YLR009W,13.0
YLR010C,0.0
YLR011W,-4.0
YLR012C,1.0
YLR013W,14.0
YLR014C,0.0
YLR015W,-8.0
YLR016C,-9.0
YLR017W,1.0
YLR018C,14.0
YLR019W,-36.0
YLR020C,3.0
YLR021W,-10.0
YLR022C,10.0
YLR023C,16.0
YLR024C,-29.0
YLR025W,-19.0
YLR026C,-1.0
YLR027C,3.0
YLR028C,-6.0
YLR029C,41.0
YLR030W,-6.0
YLR031W,2.0
YLR032W,-14.0
YLR033W,3.0
YLR034C,4.0
YLR035C,4.0
YLR036C,14.0
YLR037C,-4.0
YLR038C,-4.0
YLR039C,-16.0
YLR040C,-8.0
YLR041W,6.0
YLR042C,0.0
YLR043C,-3.0
YLR044C,-9.0
YLR045C,8.0
YLR046C,8.0
YLR047C,18.0
YLR048W,-17.0
YLR049C,2.0
YLR050C,7.0
YLR051C,10.0
YLR052W,-5.0
YLR053C,-6.0
YLR054C,-8.0
YLR055C,-73.0
YLR056W,0.0
YLR057W,-15.0
YLR058C,-1.0
YLR059C,-2.0
YLR060W,-16.0
YLR061W,-1.0
YLR062C,-8.0
YLR063W,2.0
YLR064W,20.0
YLR065C,21.0
YLR066W,2.0
YLR067C,33.0
YLR068W,25.0
YLR069C,-4.0
YLR070C,-7.0
YLR071C,12.0
YLR072W,-9.0
YLR073C,7.0
YLR074C,4.0
YLR075W,21.0
YLR076C,-10.0
YLR077W,13.0
YLR078C,3.0
YLR079W,1.0
YLR080W,11.0
YLR081W,0.0
YLR082C,1.0
YLR083C,-4.0
YLR084C,-51.0
YLR085C,-15.0
YLR086W,-18.0
YLR087C,-64.0
YLR088W,-9.0
YLR089C,-4.0
YLR090W,-11.0
YLR091W,9.0
YLR092W,-7.0
YLR093C,-5.0
YLR094C,6.0
YLR095C,-22.0
YLR096W,29.0
YLR097C,1.0
YLR098C,-2.0
YLR099C,11.0
YLR100W,2.0
YLR101C,3.0
YLR102C,-12.0
YLR103C,-40.0
YLR104W,3.0
YLR105C,4.0
YLR106C,-233.0
YLR107W,10.0
YLR108C,2.0
YLR109W,-6.0
YLR110C,-5.0
YLR111W,10.0
YLR112W,15.0
YLR113W,-18.0
YLR114C,-82.0
YLR115W,1.0
YLR116W,25.0
YLR117C,-15.0
YLR118C,-2.0
YLR119W,5.0
YLR120C,-18.0
YLR121C,6.0
YLR122C,8.0
YLR123C,9.0
YLR124W,7.0
YLR125W,-18.0
YLR126C,-8.0
YLR127C,-8.0
YLR128W,-16.0
YLR129W,-21.0
YLR130C,-21.0
YLR131C,5.0
YLR132C,-2.0
YLR133W,-11.0
YLR134W,-8.0
YLR135W,-31.0
YLR136C,11.0
YLR137W,-6.0
YLR138W,-23.0
YLR139C,13.0
YLR140W,7.0
YLR141W,-4.0
YLR142W,9.0
YLR143W,-19.0
YLR144C,-25.0
YLR145W,14.0
YLR146C,-13.0
YLR147C,5.0
YLR148W,-5.0
YLR149C,-13.0
YLR150W,12.0
YLR151C,-5.0
YLR152C,-2.0
YLR153C,-9.0
YLR154C,-5.0
YLR155C,-14.0
YLR156W,4.0
YLR157C,-14.0
YLR158C,-14.0
YLR159W,4.0
YLR160C,-14.0
YLR161W,4.0
YLR162W,9.0
YLR163C,-2.0
YLR164W,7.0
YLR165C,11.0
YLR166C,-12.0
YLR167W,18.0
YLR168C,2.0
YLR169W,8.0
YLR170C,-1.0
YLR171W,7.0
YLR172C,-17.0
YLR173W,-30.0
YLR174W,-7.0
YLR175W,13.0
YLR176C,14.0
YLR177W,7.0
YLR178C,-3.0
YLR179C,-9.0
YLR180W,-15.0
YLR181C,-31.0
YLR182W,-53.0
YLR183C,19.0
YLR184W,20.0
YLR185W,22.0
YLR186W,4.0
YLR187W,4.0
YLR188W,30.0
YLR189C,-1.0
YLR190W,1.0
YLR191W,5.0
YLR192C,-10.0
YLR193C,8.0
YLR194C,-4.0
YLR195C,0.0
YLR196W,-55.0
YLR197W,10.0
YLR198C,6.0
YLR199C,-11.0
YLR200W,-8.0
YLR201C,4.0
YLR202C,6.0
YLR203C,6.0
YLR204W,22.0
YLR205C,1.0
YLR206W,-12.0
YLR207W,-10.0
YLR208W,-12.0
YLR209C,-1.0
YLR210W,-28.0
YLR211C,-2.0
YLR212C,-30.0
YLR213C,2.0
YLR214W,25.0
YLR215C,-27.0
YLR216C,-5.0
YLR217W,8.0
YLR218C,5.0
YLR219W,11.0
YLR220W,-8.0
YLR221C,-14.0
YLR222C,-27.0
YLR223C,-114.0
YLR224W,-3.0
YLR225C,2.0
YLR226W,2.0
YLR227C,-7.0
YLR228C,-11.0
YLR229C,-1.0
YLR230W,5.0
YLR231C,-18.0
YLR232W,-1.0
YLR233C,27.0
YLR234W,8.0
YLR235C,4.0
YLR236C,0.0
YLR237W,-2.0
YLR238W,11.0
YLR239C,12.0
YLR240W,2.0
YLR241W,4.0
YLR242C,11.0
YLR243W,-23.0
YLR244C,3.0
YLR245C,0.0
YLR246W,17.0
YLR247C,-22.0
YLR248W,-19.0
YLR249W,-21.0
YLR250W,-24.0
YLR251W,14.0
YLR252W,4.0
YLR253W,12.0
YLR254C,-4.0
YLR255C,24.0
YLR256W,-3.0
YLR257W,-19.0
YLR258W,-15.0
YLR259C,-11.0
YLR260W,-5.0
YLR261C,22.0
YLR262C,-2.0
YLR263W,-2.0
YLR264W,5.0
YLR265C,2.0
YLR266C,-3.0
YLR267W,-5.0
YLR268W,0.0
YLR269C,9.0
YLR270W,-7.0
YLR271W,-2.0
YLR272C,-25.0
YLR273C,-25.0
YLR274W,-15.0
YLR275W,3.0
YLR276C,17.0
YLR277C,-37.0
YLR278C,10.0
YLR279W,18.0
YLR280C,22.0
YLR281C,17.0
YLR282C,0.0
YLR283W,1.0
YLR284C,3.0
YLR285W,-18.0
YLR286C,-22.0
YLR287C,-14.0
YLR287C-A,16.0
YLR288C,-19.0
YLR289W,15.0
YLR290C,12.0
YLR291C,1.0
YLR292C,-3.0
YLR293C,-2.0
YLR294C,9.0
YLR295C,-10.0
YLR296W,16.0
YLR297W,-9.0
YLR298C,27.0
YLR299W,-17.0
YLR300W,-31.0
YLR301W,-8.0
YLR302C,4.0
YLR303W,-9.0
YLR304C,3.0
YLR305C,-1.0
YLR306W,-3.0
YLR307W,-17.0
YLR308W,-17.0
YLR309C,-20.0
YLR310C,-6.0
YLR311C,7.0
YLR312C,23.0
YLR312W-A,10.0
YLR313C,6.0
YLR314C,-19.0
YLR315W,-11.0
YLR316C,-3.0
YLR317W,12.0
YLR318W,32.0
YLR319C,1.0
YLR320W,-24.0
YLR321C,-21.0
YLR322W,4.0
YLR323C,12.0
YLR324W,-6.0
YLR325C,14.0
YLR326W,12.0
YLR327C,5.0
YLR328W,-6.0
YLR329W,-3.0
YLR330W,-70.0
YLR331C,-35.0
YLR332W,-5.0
YLR333C,16.0
YLR334C,0.0
YLR335W,0.0
YLR336C,-13.0
YLR337C,23.0
YLR338W,-16.0
YLR339C,13.0
YLR340W,-16.0
YLR341W,-24.0
YLR342W,-5.0
YLR343W,-26.0
YLR344W,18.0
YLR345W,-8.0
YLR346C,4.0
YLR347C,-45.0
YLR348C,14.0
YLR349W,8.0
YLR350W,1.0
YLR351C,0.0
YLR352W,0.0
YLR353W,-11.0
YLR354C,-2.0
YLR355C,8.0
YLR356W,-1.0
YLR357W,12.0
YLR358C,1.0
YLR359W,-7.0
YLR360W,10.0
YLR361C,-17.0
YLR362W,-3.0
YLR363C,-3.0
YLR364W,1.0
YLR365W,16.0
YLR366W,15.0
YLR367W,9.0
YLR368W,-9.0
YLR369W,-3.0
YLR370C,1.0
YLR371W,33.0
YLR372W,13.0
YLR373C,-34.0
YLR374C,5.0
YLR375W,15.0
YLR376C,2.0
YLR377C,-7.0
YLR378C,11.0
YLR379W,8.0
YLR380W,-8.0
YLR381W,13.0
YLR382C,8.0
YLR383W,0.0
YLR384C,-61.0
YLR385C,-2.0
YLR386W,-22.0
YLR387C,1.0
YLR388W,9.0
YLR389C,-11.0
YLR390W,3.0
YLR392C,7.0
YLR393W,13.0
YLR394W,37.0
YLR395C,11.0
YLR396C,-25.0
YLR397C,-17.0
YLR398C,-10.0
YLR399C,-10.0
YLR400W,8.0
YLR401C,0.0
YLR402W,2.0
YLR403W,-14.0
YLR404W,1.0
YLR405W,3.0
YLR406C,9.0
YLR407W,4.0
YLR408C,1.0
YLR409C,1.0
YLR410W,13.0
YLR411W,2.0
YLR412W,-1.0
YLR413W,-15.0
YLR414C,5.0
YLR415C,10.0
YLR416C,4.0
YLR417W,-7.0
YLR418C,1.0
YLR419W,34.0
YLR420W,-6.0
YLR421C,-13.0
YLR422W,4.0
YLR423C,-15.0
YLR424W,-30.0
YLR425W,-8.0
YLR426W,11.0
YLR427W,10.0
YLR428C,8.0
YLR429W,-13.0
YLR430W,27.0
YLR431C,-10.0
YLR432W,0.0
YLR433C,-5.0
YLR434C,8.0
YLR435W,-34.0
YLR436C,-1.0
YLR437C,0.0
YLR438W,-5.0
YLR439W,0.0
YLR440C,-43.0
YLR441C,20.0
YLR442C,-9.0
YLR443W,-14.0
YLR444C,-2.0
YLR445W,-12.0
YLR446W,-9.0
YLR447C,-25.0
YLR448W,18.0
YLR449W,-35.0
YLR450W,1.0
YLR451W,-13.0
YLR452C,9.0
YLR453C,12.0
YLR454W,9.0
YLR455W,12.0
YLR456W,-4.0
YLR457C,29.0
YLR458W,7.0
YLR459W,7.0
YLR460C,-1.0
YLR461W,-2.0
YLR462W,9.0
YLR463C,19.0
YLR464W,1.0
YLR465C,5.0
YLR466W,-3.0
YLR467W,2.0
YML001W,-9.0
YML002W,-7.0
YML003W,-7.0
YML004C,-4.0
YML005W,1.0
YML006C,-46.0
YML007W,-31.0
YML008C,-9.0
YML009C,15.0
YML009C-A,13.0
YML010W,-35.0
YML009W-B,1.0
YML011C,-10.0
YML012W,-5.0
YML012C-A,3.0
YML013W,-20.0
YML014W,3.0
YML015C,-5.0
YML016C,6.0
YML017W,4.0
YML018C,-5.0
YML019W,5.0
YML020W,2.0
YML021C,12.0
YML022W,-6.0
YML023C,-10.0
YML024W,17.0
YML025C,9.0
YML026C,12.0
YML027W,29.0
YML028W,-6.0
YML029W,-37.0
YML030W,5.0
YML031W,5.0
YML032C,2.0
YML034W,-18.0
YML035C,-14.0
YML034C-A,2.0
YML036W,-1.0
YML037C,-2.0
YML038C,0.0
YML039W,6.0
YML040W,1.0
YML041C,17.0
YML042W,4.0
YML043C,-11.0
YML045W,8.0
YML046W,5.0
YML047C,7.0
YML048W,-1.0
YML047W-A,8.0
YML049C,-39.0
YML050W,5.0
YML051W,1.0
YML052W,0.0
YML053C,-3.0
YML054C,6.0
YML055W,6.0
YML056C,4.0
YML057W,-13.0
YML057C-A,1.0
YML058W,-5.0
YML059C,4.0
YML060W,8.0
YML061C,14.0
YML062C,-48.0
YML063W,20.0
YML064C,7.0
YML065W,-17.0
YML066C,4.0
YML067C,-15.0
YML068W,-12.0
YML069W,-33.0
YML070W,-15.0
YML071C,-48.0
YML072C,-5.0
YML073C,19.0
YML074C,-58.0
YML075C,5.0
YML076C,1.0
YML077W,4.0
YML078W,3.0
YML079W,-7.0
YML080W,8.0
YML081W,2.0
YML082W,-25.0
YML083C,15.0
YML084W,3.0
YML085C,-22.0
YML086C,-3.0
YML087C,5.0
YML088W,-27.0
YML089C,7.0
YML090W,5.0
YML091C,-8.0
YML092C,-4.0
YML093W,-47.0
YML094W,3.0
YML095C,3.0
YML094C-A,6.0
YML096W,-5.0
YML097C,-19.0
YML098W,-2.0
YML099C,-4.0
YML100W,-12.0
YML099W-A,8.0
YML101C,0.0
YML101C-A,0.0
YML102W,-7.0
YML103C,-35.0
YML104C,-14.0
YML105C,7.0
YML106W,-2.0
YML107C,13.0
YML108W,-12.0
YML109W,-39.0
YML110C,-3.0
YML111W,4.0
YML112W,-7.0
YML113W,8.0
YML114C,-31.0
YML115C,-20.0
YML116W,0.0
YML117W,-6.0
YML116W-A,9.0
YML118W,-1.0
YML119W,14.0
YML120C,14.0
YML121W,3.0
YML122C,11.0
YML123C,-10.0
YML124C,-20.0
YML125C,-9.0
YML126C,4.0
YML127W,2.0
YML128C,0.0
YML129C,0.0
YML130C,-9.0
YML131W,2.0
YML132W,7.0
YML133C,8.0
YMR001C,15.0
YMR002W,3.0
YMR003W,17.0
YMR004W,-14.0
YMR005W,16.0
YMR006C,-27.0
YMR007W,21.0
YMR008C,-28.0
YMR009W,-9.0
YMR010W,-5.0
YMR011W,6.0
YMR012W,-19.0
YMR013C,10.0
YMR014W,9.0
YMR015C,3.0
YMR016C,4.0
YMR017W,13.0
YMR018W,6.0
YMR019W,-2.0
YMR020W,-14.0
YMR021C,-2.0
YMR022W,-5.0
YMR023C,1.0
YMR024W,15.0
YMR025W,-8.0
YMR026C,13.0
YMR027W,-10.0
YMR028W,-13.0
YMR029C,-23.0
YMR030W,2.0
YMR031C,-11.0
YMR031W-A,3.0
YMR032W,12.0
YMR033W,-18.0
YMR034C,12.0
YMR035W,11.0
YMR036C,0.0
YMR037C,-10.0
YMR038C,-2.0
YMR039C,-6.0
YMR040W,17.0
YMR041C,-10.0
YMR042W,-5.0
YMR043W,-15.0
YMR044W,-15.0
YMR045C,10.0
YMR046C,1.0
YMR047C,17.0
YMR048W,-21.0
YMR049C,-39.0
YMR050C,17.0
YMR051C,1.0
YMR052C-A,8.0
YMR052W,1.0
YMR053C,-7.0
YMR054W,-30.0
YMR055C,5.0
YMR056C,16.0
YMR057C,15.0
YMR058W,-50.0
YMR059W,-1.0
YMR060C,0.0
YMR061W,-8.0
YMR062C,0.0
YMR063W,-4.0
YMR064W,18.0
YMR065W,-22.0
YMR066W,10.0
YMR067C,5.0
YMR068W,13.0
YMR069W,3.0
YMR070W,5.0
YMR071C,-1.0
YMR072W,13.0
YMR073C,11.0
YMR074C,-7.0
YMR075C-A,2.0
YMR075W,16.0
YMR076C,-18.0
YMR077C,-8.0
YMR078C,6.0
YMR079W,-7.0
YMR080C,-12.0
YMR081C,6.0
YMR082C,16.0
YMR083W,5.0
YMR084W,-7.0
YMR085W,-5.0
YMR086C-A,16.0
YMR086W,43.0
YMR087W,0.0
YMR088C,10.0
YMR089C,0.0
YMR090W,-2.0
YMR091C,-28.0
YMR092C,-16.0
YMR093W,13.0
YMR094W,13.0
YMR095C,-1.0
YMR096W,-8.0
YMR097C,14.0
YMR098C,18.0
YMR099C,-7.0
YMR100W,-3.0
YMR101C,16.0
YMR102C,11.0
YMR103C,8.0
YMR104C,0.0
YMR105C,-5.0
YMR106C,-19.0
YMR107W,-1.0
YMR108W,4.0
YMR109W,32.0
YMR110C,-4.0
YMR111C,-2.0
YMR112C,-3.0
YMR113W,-4.0
YMR114C,1.0
YMR115W,4.0
YMR116C,-5.0
YMR117C,-12.0
YMR118C,8.0
YMR119W,-9.0
YMR119W-A,7.0
YMR120C,-6.0
YMR121C,41.0
YMR122C,14.0
YMR123W,-1.0
YMR124W,-4.0
YMR125W,-38.0
YMR126C,-1.0
YMR127C,17.0
YMR128W,-17.0
YMR129W,-11.0
YMR130W,-5.0
YMR131C,-45.0
YMR132C,8.0
YMR133W,12.0
YMR134W,-10.0
YMR135C,-1.0
YMR135W-A,22.0
YMR136W,6.0
YMR137C,3.0
YMR138W,-3.0
YMR139W,-5.0
YMR140W,2.0
YMR141C,8.0
YMR142C,25.0
YMR143W,16.0
YMR144W,-1.0
YMR145C,15.0
YMR146C,-13.0
YMR147W,5.0
YMR148W,3.0
YMR149W,-1.0
YMR150C,0.0
YMR151W,7.0
YMR152W,1.0
YMR153C-A,2.0
YMR153W,15.0
YMR154C,-6.0
YMR155W,5.0
YMR156C,5.0
YMR157C,12.0
YMR158W,11.0
YMR158W-B,3.0
YMR159C,-2.0
YMR160W,-5.0
YMR161W,4.0
YMR162C,-12.0
YMR163C,16.0
YMR164C,0.0
YMR165C,-42.0
YMR166C,7.0
YMR167W,-3.0
YMR168C,-8.0
YMR169C,-6.0
YMR170C,-7.0
YMR171C,-37.0
YMR172C-A,6.0
YMR172W,1.0
YMR173W,-26.0
YMR173W-A,28.0
YMR174C,0.0
YMR175W,1.0
YMR176W,-10.0
YMR177W,-5.0
YMR178W,-6.0
YMR179W,-13.0
YMR180C,20.0
YMR181C,-6.0
YMR182C,10.0
YMR183C,-17.0
YMR184W,8.0
YMR185W,-39.0
YMR186W,-42.0
YMR187C,17.0
YMR188C,10.0
YMR189W,-4.0
YMR190C,-22.0
YMR191W,11.0
YMR192W,-24.0
YMR193C-A,5.0
YMR193W,30.0
YMR194W,20.0
YMR195W,-8.0
YMR196W,-37.0
YMR197C,-1.0
YMR198W,-8.0
YMR199W,-12.0
YMR200W,-4.0
YMR201C,-1.0
YMR202W,-7.0
YMR203W,-6.0
YMR204C,3.0
YMR205C,-8.0
YMR206W,7.0
YMR207C,7.0
YMR208W,-12.0
YMR209C,0.0
YMR210W,5.0
YMR211W,-21.0
YMR212C,0.0
YMR213W,3.0
YMR214W,0.0
YMR215W,-20.0
YMR216C,-17.0
YMR217W,-9.0
YMR218C,-16.0
YMR219W,-216.0
YMR220W,-8.0
YMR221C,-1.0
YMR222C,-13.0
YMR223W,2.0
YMR224C,-18.0
YMR225C,5.0
YMR226C,-1.0
YMR227C,-79.0
YMR228W,-3.0
YMR229C,-25.0
YMR230W,3.0
YMR231W,-23.0
YMR232W,15.0
YMR233W,9.0
YMR234W,15.0
YMR235C,-41.0
YMR236W,-2.0
YMR237W,-23.0
YMR238W,-21.0
YMR239C,4.0
YMR240C,5.0
YMR241W,18.0
YMR242C,20.0
YMR243C,-15.0
YMR244C-A,5.0
YMR244W,-7.0
YMR245W,8.0
YMR246W,-7.0
YMR247C,-32.0
YMR250W,-11.0
YMR251W,0.0
YMR251W-A,3.0
YMR252C,9.0
YMR253C,4.0
YMR254C,3.0
YMR255W,13.0
YMR256C,9.0
YMR257C,16.0
YMR258C,-9.0
YMR259C,-13.0
YMR260C,-12.0
YMR261C,-18.0
YMR262W,-4.0
YMR263W,11.0
YMR264W,-2.0
YMR265C,13.0
YMR266W,9.0
YMR267W,0.0
YMR268C,16.0
YMR269W,32.0
YMR270C,-16.0
YMR271C,3.0
YMR272C,-10.0
YMR273C,-16.0
YMR274C,7.0
YMR275C,12.0
YMR276W,-12.0
YMR277W,-61.0
YMR278W,-13.0
YMR279C,3.0
YMR280C,27.0
YMR281W,5.0
YMR282C,30.0
YMR283C,1.0
YMR284W,-6.0
YMR285C,2.0
YMR286W,9.0
YMR287C,21.0
YMR288W,-3.0
YMR289W,-6.0
YMR290C,16.0
YMR290W-A,9.0
YMR291W,-4.0
YMR292W,6.0
YMR293C,6.0
YMR294W,-21.0
YMR294W-A,15.0
YMR295C,-1.0
YMR296C,-9.0
YMR297W,-35.0
YMR298W,-2.0
YMR299C,-15.0
YMR300C,-7.0
YMR301C,23.0
YMR302C,11.0
YMR303C,-4.0
YMR304C-A,8.0
YMR304W,-65.0
YMR305C,-18.0
YMR306C-A,12.0
YMR306W,9.0
YMR307W,-23.0
YMR308C,-62.0
YMR309C,-36.0
YMR310C,15.0
YMR311C,-26.0
YMR312W,-4.0
YMR313C,8.0
YMR314W,0.0
YMR315W,-4.0
YMR316C-A,6.0
YMR316C-B,-15.0
YMR316W,6.0
YMR317W,-16.0
YMR318C,-4.0
YMR319C,-14.0
YMR320W,12.0
YMR321C,-1.0
YMR322C,1.0
YMR323W,-14.0
YMR324C,-5.0
YMR325W,-2.0
YMR326C,4.0
YNL001W,-8.0
YNL002C,11.0
YNL003C,13.0
YNL004W,0.0
YNL005C,26.0
YNL006W,-8.0
YNL007C,5.0
YNL008C,-6.0
YNL009W,11.0
YNL010W,-8.0
YNL011C,-16.0
YNL012W,5.0
YNL013C,11.0
YNL014W,-17.0
YNL015W,-2.0
YNL016W,-15.0
YNL017C,10.0
YNL018C,-4.0
YNL019C,-3.0
YNL020C,8.0
YNL021W,-26.0
YNL022C,12.0
YNL023C,18.0
YNL024C,-5.0
YNL025C,-2.0
YNL026W,5.0
YNL027W,-12.0
YNL028W,13.0
YNL029C,-18.0
YNL030W,18.0
YNL031C,22.0
YNL032W,-12.0
YNL033W,-3.0
YNL034W,-6.0
YNL035C,-19.0
YNL036W,-2.0
YNL037C,4.0
YNL038W,17.0
YNL039W,-3.0
YNL040W,-5.0
YNL041C,-24.0
YNL042W,13.0
YNL043C,4.0
YNL044W,2.0
YNL045W,-10.0
YNL046W,14.0
YNL047C,6.0
YNL048W,13.0
YNL049C,-25.0
YNL050C,0.0
YNL051W,5.0
YNL052W,7.0
YNL053W,-2.0
YNL054W,-33.0
YNL055C,1.0
YNL056W,-3.0
YNL057W,-12.0
YNL058C,-1.0
YNL059C,-25.0
YNL061W,-32.0
YNL062C,0.0
YNL063W,15.0
YNL064C,-5.0
YNL065W,14.0
YNL066W,-25.0
YNL067W,10.0
YNL068C,15.0
YNL069C,28.0
YNL070W,1.0
YNL071W,1.0
YNL072W,6.0
YNL073W,12.0
YNL074C,1.0
YNL075W,5.0
YNL076W,13.0
YNL077W,-3.0
YNL078W,19.0
YNL079C,-25.0
YNL080C,-8.0
YNL081C,17.0
YNL082W,-13.0
YNL083W,16.0
YNL084C,-8.0
YNL085W,-17.0
YNL086W,-2.0
YNL087W,10.0
YNL088W,-5.0
YNL089C,9.0
YNL090W,-4.0
YNL091W,-53.0
YNL092W,-8.0
YNL093W,-8.0
YNL094W,-7.0
YNL095C,1.0
YNL096C,12.0
YNL097C,1.0
YNL098C,0.0
YNL099C,-27.0
YNL100W,8.0
YNL101W,14.0
YNL102W,-17.0
YNL103W,-27.0
YNL104C,-11.0
YNL105W,2.0
YNL106C,14.0
YNL107W,-9.0
YNL108C,-7.0
YNL109W,6.0
YNL110C,8.0
YNL111C,-13.0
YNL112W,7.0
YNL113W,-20.0
YNL114C,7.0
YNL115C,-8.0
YNL116W,-3.0
YNL117W,-2.0
YNL118C,-16.0
YNL119W,-5.0
YNL120C,0.0
YNL121C,-13.0
YNL122C,25.0
YNL123W,-22.0
YNL124W,-31.0
YNL125C,7.0
YNL126W,-1.0
YNL127W,-29.0
YNL128W,-3.0
YNL129W,-2.0
YNL130C,-5.0
YNL131W,-20.0
YNL132W,1.0
YNL133C,18.0
YNL134C,-6.0
YNL135C,-1.0
YNL136W,-22.0
YNL137C,27.0
YNL138W,-8.0
YNL139C,1.0
YNL140C,24.0
YNL141W,-17.0
YNL142W,-4.0
YNL143C,16.0
YNL144C,-12.0
YNL145W,1.0
YNL146W,4.0
YNL147W,4.0
YNL148C,-17.0
YNL149C,-2.0
YNL150W,6.0
YNL151C,-29.0
YNL152W,-1.0
YNL153C,-11.0
YNL154C,10.0
YNL155W,10.0
YNL156C,-2.0
YNL157W,6.0
YNL158W,-3.0
YNL159C,7.0
YNL160W,-4.0
YNL161W,1.0
YNL162W,27.0
YNL163C,-48.0
YNL164C,-26.0
YNL165W,-2.0
YNL166C,-28.0
YNL167C,12.0
YNL168C,4.0
YNL169C,10.0
YNL170W,13.0
YNL171C,4.0
YNL172W,-30.0
YNL173C,-4.0
YNL174W,-1.0
YNL175C,15.0
YNL176C,-7.0
YNL177C,23.0
YNL178W,7.0
YNL179C,16.0
YNL180C,5.0
YNL181W,14.0
YNL182C,-13.0
YNL183C,7.0
YNL184C,16.0
YNL185C,11.0
YNL186W,-24.0
YNL187W,2.0
YNL188W,13.0
YNL189W,-20.0
YNL190W,31.0
YNL191W,-1.0
YNL192W,-16.0
YNL193W,-31.0
YNL194C,17.0
YNL195C,-6.0
YNL196C,8.0
YNL197C,3.0
YNL198C,10.0
YNL199C,5.0
YNL200C,3.0
YNL201C,-45.0
YNL202W,8.0
YNL203C,15.0
YNL204C,4.0
YNL205C,16.0
YNL206C,-45.0
YNL207W,-19.0
YNL208W,0.0
YNL209W,-11.0
YNL210W,0.0
YNL211C,11.0
YNL212W,-29.0
YNL213C,26.0
YNL214W,4.0
YNL215W,-31.0
YNL216W,-46.0
YNL217W,4.0
YNL218W,6.0
YNL219C,9.0
YNL220W,2.0
YNL221C,58.0
YNL222W,-7.0
YNL223W,-37.0
YNL224C,-23.0
YNL225C,-12.0
YNL226W,9.0
YNL227C,-8.0
YNL228W,-7.0
YNL229C,-6.0
YNL230C,32.0
YNL231C,1.0
YNL232W,-5.0
YNL233W,-44.0
YNL234W,4.0
YNL235C,0.0
YNL236W,12.0
YNL237W,-5.0
YNL238W,-46.0
YNL239W,1.0
YNL240C,1.0
YNL241C,-7.0
YNL242W,-30.0
YNL243W,-32.0
YNL244C,1.0
YNL245C,12.0
YNL246W,-23.0
YNL247W,-5.0
YNL248C,17.0
YNL249C,-7.0
YNL250W,-21.0
YNL251C,12.0
YNL252C,5.0
YNL253W,9.0
YNL254C,0.0
YNL255C,4.0
YNL256W,-12.0
YNL257C,18.0
YNL258C,-41.0
YNL259C,2.0
YNL260C,-4.0
YNL261W,-8.0
YNL262W,-10.0
YNL263C,5.0
YNL264C,-1.0
YNL265C,-6.0
YNL266W,-1.0
YNL267W,-12.0
YNL268W,-2.0
YNL269W,22.0
YNL270C,2.0
YNL271C,-20.0
YNL272C,-30.0
YNL273W,-17.0
YNL274C,-7.0
YNL275W,2.0
YNL276C,2.0
YNL277W,-11.0
YNL278W,16.0
YNL279W,-8.0
YNL280C,9.0
YNL281W,-11.0
YNL282W,12.0
YNL283C,-2.0
YNL284C,35.0
YNL285W,-3.0
YNL286W,-13.0
YNL287W,-34.0
YNL288W,-1.0
YNL289W,9.0
YNL290W,-3.0
YNL291C,-31.0
YNL292W,-4.0
YNL293W,0.0
YNL294C,-5.0
YNL295W,35.0
YNL296W,1.0
YNL297C,-29.0
YNL298W,18.0
YNL299W,-3.0
YNL300W,0.0
YNL301C,30.0
YNL302C,6.0
YNL303W,4.0
YNL304W,-4.0
YNL305C,-9.0
YNL306W,17.0
YNL307C,6.0
YNL308C,-33.0
YNL309W,9.0
YNL310C,11.0
YNL311C,-4.0
YNL312W,-14.0
YNL313C,-16.0
YNL314W,0.0
YNL315C,6.0
YNL316C,-8.0
YNL317W,3.0
YNL318C,1.0
YNL319W,7.0
YNL320W,1.0
YNL321W,-6.0
YNL322C,1.0
YNL323W,-7.0
YNL324W,12.0
YNL325C,-26.0
YNL326C,2.0
YNL327W,-33.0
YNL328C,10.0
YNL329C,-19.0
YNL330C,-17.0
YNL331C,-3.0
YNL332W,4.0
YNL333W,-8.0
YNL334C,-1.0
YNL335W,-5.0
YNL336W,7.0
YNL337W,6.0
YNL338W,0.0
YNL339C,-3.0
YNR001C,2.0
YNR002C,-5.0
YNR003C,-9.0
YNR004W,-4.0
YNR005C,1.0
YNR006W,-23.0
YNR007C,-27.0
YNR008W,-9.0
YNR009W,21.0
YNR010W,-3.0
YNR011C,8.0
YNR012W,1.0
YNR013C,3.0
YNR014W,4.0
YNR015W,10.0
YNR016C,-37.0
YNR017W,0.0
YNR018W,8.0
YNR019W,1.0
YNR020C,9.0
YNR021W,13.0
YNR022C,3.0
YNR023W,-15.0
YNR024W,7.0
YNR025C,2.0
YNR026C,-4.0
YNR027W,-2.0
YNR028W,-2.0
YNR029C,-19.0
YNR030W,-2.0
YNR031C,-28.0
YNR032W,-21.0
YNR033W,-18.0
YNR034W,0.0
YNR035C,-3.0
YNR036C,23.0
YNR037C,9.0
YNR038W,-8.0
YNR039C,-2.0
YNR040W,21.0
YNR041C,24.0
YNR042W,-9.0
YNR043W,-8.0
YNR044W,-19.0
YNR045W,11.0
YNR046W,-8.0
YNR047W,2.0
YNR048W,2.0
YNR049C,12.0
YNR050C,-12.0
YNR051C,12.0
YNR052C,-6.0
YNR053C,21.0
YNR054C,1.0
YNR055C,-7.0
YNR056C,0.0
YNR057C,-12.0
YNR058W,-10.0
YNR059W,7.0
YNR060W,23.0
YNR061C,-9.0
YNR062C,12.0
YNR063W,-5.0
YNR064C,-11.0
YNR065C,-51.0
YNR066C,-24.0
YNR067C,-59.0
YNR068C,10.0
YNR069C,-12.0
YNR070W,6.0
YNR071C,-3.0
YNR072W,-1.0
YNR073C,-10.0
YNR074C,0.0
YNR075W,1.0
YNR076W,-2.0
YNR077C,4.0
YOL001W,8.0
YOL002C,9.0
YOL003C,5.0
YOL004W,-54.0
YOL005C,-3.0
YOL006C,12.0
YOL007C,0.0
YOL008W,15.0
YOL009C,-27.0
YOL010W,6.0
YOL011W,-21.0
YOL012C,17.0
YOL013C,-15.0
YOL014W,-1.0
YOL015W,33.0
YOL016C,-9.0
YOL017W,-4.0
YOL018C,-18.0
YOL019W,-5.0
YOL020W,7.0
YOL021C,-9.0
YOL022C,-21.0
YOL023W,11.0
YOL024W,1.0
YOL025W,-48.0
YOL026C,-4.0
YOL027C,1.0
YOL028C,13.0
YOL029C,4.0
YOL030W,-23.0
YOL031C,-14.0
YOL032W,-6.0
YOL033W,17.0
YOL034W,6.0
YOL035C,1.0
YOL036W,13.0
YOL037C,-4.0
YOL038W,0.0
YOL039W,-17.0
YOL040C,15.0
YOL041C,21.0
YOL042W,3.0
YOL043C,8.0
YOL044W,5.0
YOL045W,-33.0
YOL046C,-13.0
YOL047C,4.0
YOL048C,20.0
YOL049W,-7.0
YOL050C,-15.0
YOL051W,40.0
YOL052C,-14.0
YOL052C-A,1.0
YOL053W,17.0
YOL054W,-67.0
YOL055C,-10.0
YOL056W,-5.0
YOL057W,-15.0
YOL058W,-6.0
YOL059W,-4.0
YOL060C,-11.0
YOL061W,-1.0
YOL062C,3.0
YOL063C,-25.0
YOL064C,-8.0
YOL065C,1.0
YOL066C,-9.0
YOL067C,-1.0
YOL068C,8.0
YOL069W,-34.0
YOL070C,-7.0
YOL071W,3.0
YOL072W,7.0
YOL073C,1.0
YOL075C,-5.0
YOL076W,2.0
YOL077C,9.0
YOL078W,-13.0
YOL079W,0.0
YOL080C,21.0
YOL081W,-21.0
YOL082W,-26.0
YOL083W,-10.0
YOL084W,12.0
YOL085C,8.0
YOL086C,-4.0
YOL087C,-13.0
YOL088C,-3.0
YOL089C,2.0
YOL090W,-22.0
YOL091W,12.0
YOL092W,-9.0
YOL093W,10.0
YOL094C,7.0
YOL095C,9.0
YOL096C,-2.0
YOL097C,-3.0
YOL098C,-48.0
YOL099C,-10.0
YOL100W,55.0
YOL101C,2.0
YOL102C,7.0
YOL103W,5.0
YOL104C,1.0
YOL105C,-5.0
YOL106W,-5.0
YOL107W,9.0
YOL108C,5.0
YOL109W,-2.0
YOL110W,-12.0
YOL111C,5.0
YOL112W,-10.0
YOL113W,11.0
YOL114C,23.0
YOL115W,-24.0
YOL116W,-4.0
YOL117W,-29.0
YOL118C,15.0
YOL119C,13.0
YOL120C,30.0
YOL121C,6.0
YOL122C,-5.0
YOL123W,-9.0
YOL124C,1.0
YOL125W,8.0
YOL126C,-3.0
YOL127W,18.0
YOL128C,0.0
YOL129W,-3.0
YOL130W,-10.0
YOL131W,-4.0
YOL132W,-28.0
YOL133W,-4.0
YOL134C,-2.0
YOL135C,-1.0
YOL136C,-13.0
YOL137W,-8.0
YOL138C,-8.0
YOL139C,-9.0
YOL140W,0.0
YOL141W,-3.0
YOL142W,-3.0
YOL143C,-3.0
YOL144W,-11.0
YOL145C,-16.0
YOL146W,-8.0
YOL147C,14.0
YOL148C,19.0
YOL149W,-4.0
YOL150C,9.0
YOL151W,-7.0
YOL152W,11.0
YOL153C,-24.0
YOL154W,-11.0
YOL155C,-45.0
YOL156W,7.0
YOL157C,-19.0
YOL158C,19.0
YOL159C,-13.0
YOL160W,14.0
YOL161C,-2.0
YOL162W,11.0
YOL163W,6.0
YOL164W,-9.0
YOL165C,-1.0
YOL166C,3.0
YOR001W,-3.0
YOR002W,15.0
YOR003W,-20.0
YOR004W,27.0
YOR005C,12.0
YOR006C,-8.0
YOR007C,-18.0
YOR008C,-17.0
YOR009W,-25.0
YOR010C,-15.0
YOR011W,-3.0
YOR012W,-3.0
YOR013W,3.0
YOR014W,-12.0
YOR015W,7.0
YOR016C,-1.0
YOR017W,25.0
YOR018W,8.0
YOR019W,48.0
YOR020C,2.0
YOR021C,-9.0
YOR022C,-1.0
YOR023C,18.0
YOR024W,10.0
YOR025W,16.0
YOR026W,-8.0
YOR027W,-13.0
YOR028C,12.0
YOR029W,7.0
YOR030W,22.0
YOR031W,1.0
YOR032C,-7.0
YOR033C,9.0
YOR034C,-7.0
YOR035C,-15.0
YOR036W,-11.0
YOR037W,18.0
YOR038C,8.0
YOR039W,-6.0
YOR040W,0.0
YOR041C,-2.0
YOR042W,-36.0
YOR043W,-10.0
YOR044W,5.0
YOR045W,0.0
YOR046C,0.0
YOR047C,7.0
YOR048C,-7.0
YOR049C,0.0
YOR050C,5.0
YOR051C,-37.0
YOR052C,10.0
YOR053W,37.0
YOR054C,-54.0
YOR055W,-12.0
YOR056C,5.0
YOR057W,-4.0
YOR058C,16.0
YOR059C,10.0
YOR060C,11.0
YOR061W,5.0
YOR062C,2.0
YOR063W,40.0
YOR064C,4.0
YOR065W,2.0
YOR066W,29.0
YOR067C,24.0
YOR068C,-1.0
YOR069W,-25.0
YOR070C,-3.0
YOR071C,2.0
YOR072W,8.0
YOR073W,12.0
YOR074C,-1.0
YOR075W,-10.0
YOR076C,1.0
YOR077W,15.0
YOR078W,-2.0
YOR079C,-11.0
YOR080W,22.0
YOR081C,14.0
YOR082C,6.0
YOR083W,-4.0
YOR084W,3.0
YOR085W,4.0
YOR086C,-2.0
YOR087W,-16.0
YOR088W,-11.0
YOR089C,-6.0
YOR090C,5.0
YOR091W,17.0
YOR092W,4.0
YOR093C,22.0
YOR094W,7.0
YOR095C,-5.0
YOR096W,10.0
YOR097C,7.0
YOR098C,32.0
YOR099W,-6.0
YOR100C,17.0
YOR101W,-5.0
YOR102W,19.0
YOR103C,7.0
YOR104W,-3.0
YOR105W,7.0
YOR106W,-2.0
YOR107W,5.0
YOR108W,-5.0
YOR109W,-3.0
YOR110W,-23.0
YOR111W,-13.0
YOR112W,-13.0
YOR113W,-2.0
YOR114W,25.0
YOR115C,-5.0
YOR116C,11.0
YOR117W,-16.0
YOR118W,-9.0
YOR119C,-7.0
YOR120W,1.0
YOR121C,6.0
YOR122C,-3.0
YOR123C,-71.0
YOR124C,-49.0
YOR125C,1.0
YOR126C,-6.0
YOR127W,-11.0
YOR128C,-1.0
YOR129C,-11.0
YOR130C,10.0
YOR131C,-3.0
YOR132W,-2.0
YOR133W,-11.0
YOR134W,-1.0
YOR135C,3.0
YOR136W,4.0
YOR137C,1.0
YOR138C,-47.0
YOR139C,2.0
YOR140W,6.0
YOR141C,-61.0
YOR142W,3.0
YOR143C,-4.0
YOR144C,-5.0
YOR145C,4.0
YOR146W,1.0
YOR147W,15.0
YOR148C,3.0
YOR149C,10.0
YOR150W,16.0
YOR151C,-17.0
YOR152C,-7.0
YOR153W,5.0
YOR154W,-17.0
YOR155C,-15.0
YOR156C,-2.0
YOR157C,-4.0
YOR158W,20.0
YOR159C,-2.0
YOR160W,-49.0
YOR161C,6.0
YOR162C,7.0
YOR163W,2.0
YOR164C,-13.0
YOR165W,-33.0
YOR166C,-19.0
YOR167C,5.0
YOR168W,7.0
YOR169C,4.0
YOR170W,2.0
YOR171C,-7.0
YOR172W,-1.0
YOR173W,-7.0
YOR174W,-25.0
YOR175C,29.0
YOR176W,8.0
YOR177C,2.0
YOR178C,-20.0
YOR179C,-4.0
YOR180C,4.0
YOR181W,7.0
YOR182C,16.0
YOR183W,15.0
YOR184W,-6.0
YOR185C,-2.0
YOR186W,-7.0
YOR187W,-6.0
YOR188W,17.0
YOR189W,-6.0
YOR190W,-13.0
YOR191W,0.0
YOR192C,-1.0
YOR193W,20.0
YOR194C,-32.0
YOR195W,-56.0
YOR196C,21.0
YOR197W,-10.0
YOR198C,12.0
YOR199W,8.0
YOR200W,7.0
YOR201C,11.0
YOR202W,-7.0
YOR203W,1.0
YOR204W,1.0
YOR205C,24.0
YOR206W,6.0
YOR207C,8.0
YOR208W,22.0
YOR209C,-3.0
YOR210W,1.0
YOR211C,0.0
YOR212W,-6.0
YOR213C,-8.0
YOR214C,-22.0
YOR215C,11.0
YOR216C,-37.0
YOR217W,21.0
YOR218C,4.0
YOR219C,-21.0
YOR220W,0.0
YOR221C,-2.0
YOR222W,19.0
YOR223W,-9.0
YOR224C,-7.0
YOR225W,10.0
YOR226C,9.0
YOR227W,17.0
YOR228C,17.0
YOR229W,-25.0
YOR230W,-16.0
YOR231W,4.0
YOR232W,1.0
YOR233W,26.0
YOR234C,16.0
YOR235W,4.0
YOR236W,1.0
YOR237W,-2.0
YOR238W,-4.0
YOR239W,-53.0
YOR240W,-10.0
YOR241W,8.0
YOR242C,7.0
YOR243C,1.0
YOR244W,1.0
YOR245C,21.0
YOR246C,4.0
YOR247W,-8.0
YOR248W,6.0
YOR249C,-22.0
YOR250C,-9.0
YOR251C,-6.0
YOR252W,15.0
YOR253W,1.0
YOR254C,-24.0
YOR255W,30.0
YOR256C,-26.0
YOR257W,-19.0
YOR258W,3.0
YOR259C,-11.0
YOR260W,-29.0
YOR261C,-10.0
YOR262W,-30.0
YOR263C,4.0
YOR264W,-1.0
YOR265W,-5.0
YOR266W,18.0
YOR267C,-5.0
YOR268C,7.0
YOR269W,0.0
YOR270C,-27.0
YOR271C,13.0
YOR272W,-3.0
YOR273C,3.0
YOR274W,12.0
YOR275C,-8.0
YOR276W,-7.0
YOR277C,0.0
YOR278W,2.0
YOR279C,4.0
YOR280C,-4.0
YOR281C,-26.0
YOR282W,8.0
YOR283W,1.0
YOR284W,6.0
YOR285W,-3.0
YOR286W,9.0
YOR287C,3.0
YOR288C,20.0
YOR289W,3.0
YOR290C,-9.0
YOR291W,-23.0
YOR292C,-7.0
YOR293W,2.0
YOR294W,8.0
YOR295W,4.0
YOR296W,15.0
YOR297C,4.0
YOR298W,12.0
YOR299W,-23.0
YOR300W,18.0
YOR301W,-1.0
YOR302W,-1.0
YOR303W,-1.0
YOR304C-A,-7.0
YOR304W,-11.0
YOR305W,13.0
YOR306C,-11.0
YOR307C,20.0
YOR308C,-5.0
YOR309C,52.0
YOR310C,9.0
YOR311C,4.0
YOR312C,20.0
YOR313C,14.0
YOR314W,1.0
YOR315W,2.0
YOR316C,-16.0
YOR317W,1.0
YOR318C,-3.0
YOR319W,6.0
YOR320C,4.0
YOR321W,-6.0
YOR322C,7.0
YOR323C,-12.0
YOR324C,15.0
YOR325W,4.0
YOR326W,-20.0
YOR327C,2.0
YOR328W,7.0
YOR329C,0.0
YOR330C,28.0
YOR331C,4.0
YOR332W,-4.0
YOR333C,-1.0
YOR334W,18.0
YOR335C,-25.0
YOR336W,-52.0
YOR337W,-6.0
YOR338W,20.0
YOR339C,-8.0
YOR340C,-21.0
YOR341W,-7.0
YOR342C,-4.0
YOR343C,11.0
YOR344C,-15.0
YOR345C,4.0
YOR346W,14.0
YOR347C,-3.0
YOR348C,1.0
YOR349W,9.0
YOR350C,10.0
YOR351C,3.0
YOR352W,-18.0
YOR353C,-1.0
YOR354C,4.0
YOR355W,4.0
YOR356W,2.0
YOR357C,5.0
YOR358W,-23.0
YOR359W,4.0
YOR360C,-11.0
YOR361C,-14.0
YOR362C,-15.0
YOR363C,2.0
YOR364W,15.0
YOR365C,18.0
YOR366W,7.0
YOR367W,4.0
YOR368W,-16.0
YOR369C,-10.0
YOR370C,-34.0
YOR371C,-10.0
YOR372C,14.0
YOR373W,-5.0
YOR374W,-3.0
YOR375C,-6.0
YOR376W,8.0
YOR377W,-4.0
YOR378W,4.0
YOR379C,15.0
YOR380W,2.0
YOR381W,-3.0
YOR382W,1.0
YOR383C,-12.0
YOR384W,11.0
YOR385W,7.0
YOR386W,18.0
YOR387C,-9.0
YOR388C,-5.0
YOR389W,-28.0
YOR390W,7.0
YOR391C,0.0
YOR392W,6.0
YOR393W,-16.0
YOR394W,-1.0
YPL001W,-11.0
YPL002C,-5.0
YPL003W,-12.0
YPL004C,-29.0
YPL005W,39.0
YPL006W,-29.0
YPL007C,-8.0
YPL008W,4.0
YPL009C,-21.0
YPL010W,-8.0
YPL011C,-23.0
YPL012W,-4.0
YPL013C,13.0
YPL014W,5.0
YPL015C,-12.0
YPL016W,12.0
YPL017C,-9.0
YPL018W,6.0
YPL019C,-1.0
YPL020C,26.0
YPL021W,19.0
YPL022W,-36.0
YPL023C,-25.0
YPL024W,6.0
YPL025C,3.0
YPL026C,-24.0
YPL027W,22.0
YPL028W,0.0
YPL029W,16.0
YPL030W,7.0
YPL031C,2.0
YPL032C,6.0
YPL033C,0.0
YPL034W,14.0
YPL035C,5.0
YPL036W,-34.0
YPL037C,-2.0
YPL038W,8.0
YPL039W,5.0
YPL040C,6.0
YPL041C,17.0
YPL042C,24.0
YPL043W,16.0
YPL044C,2.0
YPL045W,-2.0
YPL046C,-11.0
YPL047W,0.0
YPL048W,3.0
YPL049C,3.0
YPL050C,-5.0
YPL051W,-2.0
YPL052W,-1.0
YPL053C,-13.0
YPL054W,0.0
YPL055C,9.0
YPL056C,7.0
YPL057C,11.0
YPL058C,-11.0
YPL059W,-6.0
YPL060W,5.0
YPL061W,-9.0
YPL062W,9.0
YPL063W,-1.0
YPL064C,-3.0
YPL065W,-9.0
YPL066W,17.0
YPL067C,-1.0
YPL068C,21.0
YPL069C,-10.0
YPL070W,5.0
YPL071C,-2.0
YPL072W,17.0
YPL073C,5.0
YPL074W,32.0
YPL075W,5.0
YPL076W,9.0
YPL077C,-1.0
YPL078C,5.0
YPL079W,20.0
YPL080C,8.0
YPL081W,13.0
YPL082C,-21.0
YPL083C,9.0
YPL084W,-23.0
YPL085W,-73.0
YPL086C,16.0
YPL087W,-1.0
YPL088W,-1.0
YPL089C,11.0
YPL090C,27.0
YPL091W,1.0
YPL092W,7.0
YPL093W,10.0
YPL094C,19.0
YPL095C,0.0
YPL096W,-3.0
YPL097W,13.0
YPL098C,5.0
YPL099C,6.0
YPL100W,1.0
YPL101W,11.0
YPL102C,2.0
YPL103C,2.0
YPL104W,10.0
YPL105C,1.0
YPL106C,-27.0
YPL107W,12.0
YPL108W,2.0
YPL109C,6.0
YPL110C,-13.0
YPL111W,-11.0
YPL112C,9.0
YPL113C,-1.0
YPL114W,8.0
YPL115C,-8.0
YPL116W,-4.0
YPL117C,-20.0
YPL118W,21.0
YPL119C,7.0
YPL120W,-20.0
YPL121C,-3.0
YPL122C,-3.0
YPL123C,4.0
YPL124W,7.0
YPL125W,-32.0
YPL126W,-15.0
YPL127C,42.0
YPL128C,-5.0
YPL129W,-9.0
YPL130W,-27.0
YPL131W,-2.0
YPL132W,5.0
YPL133C,2.0
YPL134C,19.0
YPL135W,9.0
YPL136W,-14.0
YPL137C,-1.0
YPL138C,-3.0
YPL139C,-17.0
YPL140C,7.0
YPL141C,34.0
YPL142C,-7.0
YPL143W,16.0
YPL144W,1.0
YPL145C,-9.0
YPL146C,18.0
YPL147W,31.0
YPL148C,4.0
YPL149W,3.0
YPL150W,31.0
YPL151C,-2.0
YPL152W,-7.0
YPL153C,2.0
YPL154C,-23.0
YPL155C,19.0
YPL156C,-2.0
YPL157W,20.0
YPL158C,-4.0
YPL159C,24.0
YPL160W,-22.0
YPL161C,-20.0
YPL162C,-3.0
YPL163C,-15.0
YPL164C,18.0
YPL165C,2.0
YPL166W,-9.0
YPL167C,26.0
YPL168W,30.0
YPL169C,9.0
YPL170W,-9.0
YPL171C,-11.0
YPL172C,28.0
YPL173W,11.0
YPL174C,-17.0
YPL175W,-2.0
YPL176C,-35.0
YPL177C,10.0
YPL178W,-7.0
YPL179W,19.0
YPL180W,1.0
YPL181W,-30.0
YPL182C,0.0
YPL183C,-19.0
YPL184C,-10.0
YPL185W,8.0
YPL186C,-37.0
YPL187W,-8.0
YPL188W,7.0
YPL189W,25.0
YPL190C,-82.0
YPL191C,-11.0
YPL192C,16.0
YPL193W,-8.0
YPL194W,-6.0
YPL195W,-34.0
YPL196W,-8.0
YPL197C,-10.0
YPL198W,24.0
YPL199C,-3.0
YPL200W,-4.0
YPL201C,-12.0
YPL202C,8.0
YPL203W,-2.0
YPL204W,14.0
YPL205C,12.0
YPL206C,6.0
YPL207W,10.0
YPL208W,-21.0
YPL209C,23.0
YPL210C,27.0
YPL211W,5.0
YPL212C,3.0
YPL213W,0.0
YPL214C,-7.0
YPL215W,12.0
YPL216W,-1.0
YPL217C,-8.0
YPL218W,-6.0
YPL219W,-33.0
YPL220W,16.0
YPL221W,5.0
YPL222W,-19.0
YPL223C,-13.0
YPL224C,-1.0
YPL225W,-4.0
YPL226W,-22.0
YPL227C,6.0
YPL228W,-14.0
YPL229W,-2.0
YPL230W,19.0
YPL231W,-49.0
YPL232W,-13.0
YPL233W,-18.0
YPL234C,1.0
YPL235W,-14.0
YPL236C,-10.0
YPL237W,16.0
YPL238C,-1.0
YPL239W,-26.0
YPL240C,-38.0
YPL241C,-1.0
YPL242C,31.0
YPL243W,8.0
YPL244C,20.0
YPL245W,12.0
YPL246C,0.0
YPL247C,-10.0
YPL248C,-2.0
YPL249C,-64.0
YPL250C,-15.0
YPL251W,6.0
YPL252C,-6.0
YPL253C,1.0
YPL254W,-12.0
YPL255W,-5.0
YPL256C,-12.0
YPL257W,4.0
YPL258C,-13.0
YPL259C,6.0
YPL260W,-31.0
YPL261C,7.0
YPL262W,4.0
YPL263C,-31.0
YPL264C,1.0
YPL265W,13.0
YPL266W,13.0
YPL267W,9.0
YPL268W,23.0
YPL269W,5.0
YPL270W,17.0
YPL271W,4.0
YPL272C,-13.0
YPL273W,-10.0
YPL274W,3.0
YPL275W,8.0
YPL276W,-9.0
YPL277C,-13.0
YPL278C,-6.0
YPL279C,7.0
YPL280W,0.0
YPL281C,-16.0
YPL282C,-1.0
YPL283C,-3.0
YPR001W,6.0
YPR002W,12.0
YPR003C,6.0
YPR004C,5.0
YPR005C,7.0
YPR006C,0.0
YPR007C,-24.0
YPR008W,9.0
YPR009W,14.0
YPR010C,1.0
YPR011C,13.0
YPR012W,5.0
YPR013C,11.0
YPR014C,5.0
YPR015C,13.0
YPR016C,-15.0
YPR017C,-5.0
YPR018W,-2.0
YPR019W,-13.0
YPR020W,11.0
YPR021C,3.0
YPR022C,-6.0
YPR023C,4.0
YPR024W,-2.0
YPR025C,-2.0
YPR026W,-37.0
YPR027C,-4.0
YPR028W,3.0
YPR029C,-23.0
YPR030W,7.0
YPR031W,2.0
YPR032W,7.0
YPR033C,1.0
YPR034W,-8.0
YPR035W,-7.0
YPR036W,-7.0
YPR037C,0.0
YPR038W,3.0
YPR039W,3.0
YPR040W,1.0
YPR041W,-21.0
YPR042C,13.0
YPR043W,17.0
YPR044C,0.0
YPR045C,12.0
YPR046W,-7.0
YPR047W,2.0
YPR048W,8.0
YPR049C,-24.0
YPR050C,4.0
YPR051W,0.0
YPR052C,8.0
YPR053C,8.0
YPR054W,9.0
YPR055W,-9.0
YPR056W,9.0
YPR057W,-5.0
YPR058W,10.0
YPR059C,9.0
YPR060C,-3.0
YPR061C,9.0
YPR062W,-3.0
YPR063C,0.0
YPR064W,11.0
YPR065W,18.0
YPR066W,-13.0
YPR067W,1.0
YPR068C,-21.0
YPR069C,-12.0
YPR070W,-34.0
YPR071W,12.0
YPR072W,-20.0
YPR073C,0.0
YPR074C,-4.0
YPR075C,-34.0
YPR076W,-19.0
YPR077C,16.0
YPR078C,-11.0
YPR079W,6.0
YPR080W,12.0
YPR081C,0.0
YPR082C,-3.0
YPR083W,-20.0
YPR084W,-2.0
YPR085C,0.0
YPR086W,8.0
YPR087W,1.0
YPR088C,5.0
YPR089W,-43.0
YPR090W,-30.0
YPR091C,1.0
YPR092W,13.0
YPR093C,-10.0
YPR094W,10.0
YPR095C,-3.0
YPR096C,10.0
YPR097W,-24.0
YPR098C,10.0
YPR099C,2.0
YPR100W,14.0
YPR101W,2.0
YPR102C,12.0
YPR103W,-5.0
YPR104C,-20.0
YPR105C,-15.0
YPR106W,-4.0
YPR107C,5.0
YPR108W,-12.0
YPR109W,-8.0
YPR110C,-8.0
YPR111W,6.0
YPR112C,-8.0
YPR113W,5.0
YPR114W,10.0
YPR115W,35.0
YPR116W,10.0
YPR117W,12.0
YPR118W,-14.0
YPR119W,-5.0
YPR120C,-2.0
YPR121W,-11.0
YPR122W,10.0
YPR123C,-26.0
YPR124W,-6.0
YPR125W,14.0
YPR126C,0.0
YPR127W,-8.0
YPR128C,15.0
YPR129W,0.0
YPR130C,13.0
YPR131C,0.0
YPR132W,23.0
YPR133C,0.0
YPR134W,-7.0
YPR135W,-40.0
YPR136C,6.0
YPR137W,-11.0
YPR138C,-5.0
YPR139C,20.0
YPR140W,4.0
YPR141C,9.0
YPR142C,0.0
YPR143W,-5.0
YPR144C,-12.0
YPR145W,-15.0
YPR146C,2.0
YPR147C,2.0
YPR148C,-35.0
YPR149W,7.0
YPR150W,6.0
YPR151C,26.0
YPR152C,-41.0
YPR153W,5.0
YPR154W,0.0
YPR155C,-4.0
YPR156C,-1.0
YPR157W,-1.0
YPR158W,-7.0
YPR159W,-46.0
YPR160W,-24.0
YPR161C,28.0
YPR162C,-2.0
YPR163C,-10.0
YPR164W,-26.0
YPR165W,-1.0
YPR166C,17.0
YPR167C,-9.0
YPR168W,-7.0
YPR169W,-25.0
YPR170C,3.0
YPR171W,35.0
YPR172W,-2.0
YPR173C,-12.0
YPR174C,13.0
YPR175W,-10.0
YPR176C,-13.0
YPR177C,12.0
YPR178W,-17.0
YPR179C,-11.0
YPR180W,-10.0
YPR181C,-20.0
YPR182W,-1.0
YPR183W,1.0
YPR184W,-43.0
YPR185W,-5.0
YPR186C,13.0
YPR187W,-15.0
YPR188C,-19.0
YPR189W,-46.0
YPR190C,-4.0
YPR191W,1.0
YPR192W,-2.0
YPR193C,-4.0
YPR194C,0.0
YPR195C,5.0
YPR196W,4.0
YPR197C,14.0
YPR198W,4.0
YPR199C,3.0
YPR200C,2.0
YPR201W,7.0
YPR202W,-1.0
YPR203W,5.0
YPR204W,-6.0
YEL077C,-3.0
YLR390W-A,-2.0
YDL045W-A,11.0
YOR008C-A,3.0
YIL009C-A,-4.0
YPR133W-A,1.0
YLR438C-A,-10.0
YKR035W-A,0.0
YFL034C-A,-1.0
YFR032C-A,16.0
YPL249C-A,20.0
YCR020W-B,2.0
YCL001W-A,13.0
YCR028C-A,1.0
YCR087C-A,16.0
YPL183W-A,18.0
YLR035C-A,15.0
YER039C-A,1.0
YDR170W-A,3.0
YBL091C-A,3.0
YBL107W-A,2.0
YCR018C-A,-5.0
YCR102W-A,3.0
YDL130W-A,7.0
YDR034C-A,-4.0
YDR034W-B,2.0
YDR363W-A,-14.0
YDR525W-A,-2.0
YER048W-A,10.0
YER091C-A,1.0
YER138W-A,2.0
YGR122C-A,-3.0
YIR020W-A,14.0
YKL033W-A,-7.0
YKL053C-A,-2.0
YKL162C-A,-3.0
YLL018C-A,-4.0
YLR262C-A,12.0
YML081C-A,4.0
YMR046W-A,-3.0
YMR158C-A,-3.0
YMR194C-A,-4.0
YNR032C-A,-1.0
YOL013W-B,-4.0
YOR298C-A,16.0
YPR002C-A,-4.0
YDR322C-A,-1.0
YEL020W-A,2.0
Q0010,-1.0
Q0017,5.0
Q0032,6.0
Q0045,-3.0
Q0050,66.0
Q0055,55.0
Q0060,19.0
Q0065,24.0
Q0070,26.0
Q0075,18.0
Q0080,3.0
Q0085,1.0
Q0092,4.0
Q0105,5.0
Q0110,26.0
Q0115,30.0
Q0120,37.0
Q0130,1.0
Q0140,31.0
Q0142,2.0
Q0143,0.0
Q0144,3.0
Q0160,10.0
Q0182,12.0
Q0250,-17.0
Q0255,32.0
Q0275,-3.0
Q0297,9.0
YOL077W-A,2.0
YDR034C-C,0.0
YDR034C-D,8.0
YGR109W-A,4.0
YGR109W-B,26.0
YJR135W-A,-2.0
YOL103W-A,2.0
YOL103W-B,6.0
YOR142W-A,1.0
YOR142W-B,14.0
YOR192C-A,1.0
YOR192C-B,9.0
YOR343W-A,-1.0
YOR343W-B,8.0
YPL257W-A,1.0
YPL257W-B,5.0
YPR137C-A,0.0
YPR137C-B,8.0
YPR158C-C,1.0
YPR158C-D,3.0
YPR158W-A,1.0
YPR158W-B,9.0
YGR161C-C,1.0
YGR161C-D,13.0
YGR161W-A,-3.0
YGR161W-B,5.0
YHL009W-A,5.0
YHL009W-B,17.0
YLR157C-A,1.0
YLR157C-B,5.0
YLR227W-A,1.0
YLR227W-B,3.0
YLR256W-A,1.0
YLR410W-A,0.0
YLR410W-B,8.0
YML045W-A,1.0
YNL054W-A,1.0
YNL054W-B,15.0
YNL284C-A,3.0
YNL284C-B,15.0
YPL060C-A,22.0
YDR098C-A,2.0
YDR098C-B,11.0
YDR210W-A,-1.0
YDR210W-B,8.0
YDR261C-C,0.0
YDR261C-D,-3.0
YDR261W-A,0.0
YDR261W-B,10.0
YDR316W-A,1.0
YDR316W-B,7.0
YDR365W-A,1.0
YDR365W-B,4.0
YER137C-A,1.0
YER159C-A,1.0
YFL002W-B,-3.0
YGR027W-A,1.0
YGR027W-B,7.0
YGR038C-A,2.0
YGR038C-B,7.0
YDR210C-C,2.0
YDR210C-D,11.0
YHR214C-C,3.0
YER186W-A,2.0
YHR072W-A,7.0
YML058W-A,1.0
YBL059C-A,3.0
YHR132W-A,7.0
YBR058C-A,2.0
YBR085C-A,-3.0
YER053C-A,0.0
YMR122W-A,4.0
YNR034W-A,2.0
YOR396W,2.0
YCL057C-A,6.0
YCL026C-B,-1.0
YCL021W-A,4.0
YAL044W-A,6.0
YBL071W-A,-17.0
YDL085C-A,12.0
YER014C-A,0.0
YBL029C-A,3.0
YBL108C-A,2.0
YBR103C-A,7.0
YBR191W-A,5.0
YBR233W-A,-4.0
YCL001W-B,-3.0
YCR038W-A,5.0
YDL114W-A,0.0
YDL159W-A,0.0
YDL185C-A,7.0
YDL240C-A,1.0
YDL247W-A,-1.0
YDR079C-A,-4.0
YDR320C-A,0.0
YDR379C-A,7.0
YFR012W-A,7.0
YGL258W-A,2.0
YGR271C-A,11.0
YJL012C-A,5.0
YJL052C-A,5.0
YJL062W-A,4.0
YJL127W-A,3.0
YJL156W-A,9.0
YKL003W-A,2.0
YKL018C-A,8.0
YKL106C-A,5.0
YKL165C-A,8.0
YLR099W-A,-9.0
YLR149C-A,3.0
YLR363W-A,23.0
YML007C-A,5.0
YMR013W-A,2.0
YNL067W-A,1.0
YNL162W-A,2.0
YNR001W-A,7.0
YOL086W-A,-2.0
YOL159C-A,-5.0
YOR008W-B,4.0
YOR314W-A,4.0
YPR016W-A,6.0
YPR074W-A,9.0
YCR097W-A,5.0
YBR255C-A,6.0
YDR381C-A,8.0
YER074W-A,2.0
YKL138C-A,1.0
YLR154W-C,9.0
YPL096C-A,-2.0
YPR036W-A,-1.0
YER180C-A,-4.0
YCL005W-A,2.0
YNL138W-A,6.0
YBR111W-A,-7.0
YIL156W-B,4.0
YKR095W-A,-2.0
YJR112W-A,4.0
YMR194C-B,1.0
YPR170W-B,1.0
YOR072W-B,2.0
YBL039W-B,5.0
YCL058W-A,13.0
YCR075W-A,-6.0
YDL160C-A,-6.0
YGR169C-A,10.0
YJL127C-B,4.0
YJR005C-A,11.0
YKL068W-A,-1.0
YLR307C-A,4.0
YOR020W-A,1.0
YPL189C-A,4.0
YAL016C-B,0.0
YBL008W-A,14.0
YBL068W-A,0.0
YBL103C-A,1.0
YBR072C-A,7.0
YBR076C-A,7.0
YBR196C-A,3.0
YBR200W-A,6.0
YCR108C,2.0
YDL022C-A,4.0
YDR169C-A,9.0
YDR182W-A,6.0
YDR183C-A,11.0
YDR194W-A,2.0
YDR246W-A,4.0
YDR406W-A,8.0
YEL020C-B,3.0
YEL050W-A,5.0
YER078W-A,3.0
YFL041W-A,2.0
YGL041C-B,-1.0
YGL210W-A,6.0
YGR121W-A,6.0
YGR240C-A,0.0
YHR086W-A,6.0
YHR175W-A,0.0
YHR180C-B,6.0
YHR180W-A,-1.0
YIL134C-A,2.0
YJR151W-A,2.0
YKL183C-A,6.0
YKR004C-A,-2.0
YLL006W-A,4.0
YLR154C-G,5.0
YLR154C-H,3.0
YLR154W-B,8.0
YLR156C-A,3.0
YLR157C-C,3.0
YLR159C-A,3.0
YLR162W-A,-2.0
YLR222C-A,3.0
YLR285C-A,2.0
YLR312C-B,5.0
YLR342W-A,2.0
YLR412C-A,17.0
YML054C-A,1.0
YMR030W-A,14.0
YMR141W-A,6.0
YMR230W-A,5.0
YMR268W-A,2.0
YMR307C-A,2.0
YNL130C-A,8.0
YOL164W-A,6.0
YOR011W-A,6.0
YOR072W-A,14.0
YOR073W-A,12.0
YOR316C-A,12.0
YOR329W-A,7.0
YOR376W-A,1.0
YOR381W-A,3.0
YPL038W-A,6.0
YPL250W-A,-9.0
YPR108W-A,4.0
YPR169W-A,0.0
YAL037C-B,-37.0
YAL067W-A,10.0
YAL068W-A,3.0
YAR035C-A,7.0
YBL006W-A,6.0
YBL071C-B,3.0
YBL100W-C,5.0
YBL113W-A,7.0
YBR126W-A,-1.0
YBR131C-A,2.0
YBR141W-A,2.0
YBR182C-A,4.0
YBR223W-A,5.0
YBR296C-A,5.0
YBR298C-A,4.0
YCR045W-A,8.0
YCR047W-A,2.0
YCR081C-A,4.0
YDL025W-A,2.0
YDL086C-A,14.0
YDL159C-B,-3.0
YDR354C-A,-1.0
YDR464C-A,3.0
YDR510C-A,2.0
YDR524C-A,0.0
YDR545C-A,7.0
YEL008C-A,2.0
YEL030C-A,4.0
YEL032C-A,7.0
YEL077W-A,7.0
YER023C-A,1.0
YER088W-B,4.0
YER158W-A,11.0
YER175W-A,7.0
YER190C-A,-2.0
YER190C-B,7.0
YFL013W-A,6.0
YFL031C-A,5.0
YFR032C-B,4.0
YFR034W-A,10.0
YGL007C-A,1.0
YGL063C-A,7.0
YGL123C-A,7.0
YGL188C-A,0.0
YGR031C-A,7.0
YGR068W-A,1.0
YGR146C-A,1.0
YGR174W-A,0.0
YGR204C-A,3.0
YGR270C-A,2.0
YGR296C-A,-2.0
YGR296C-B,7.0
YHL050W-A,8.0
YHR022C-A,4.0
YHR032C-A,6.0
YHR052W-A,5.0
YHR054W-A,5.0
YHR137C-A,7.0
YHR212W-A,2.0
YHR213W-A,3.0
YHR213W-B,3.0
YHR214C-D,-4.0
YHR214C-E,6.0
YHR219C-A,8.0
YIL021C-A,1.0
YIL105W-A,0.0
YIL177W-A,8.0
YJL020W-A,1.0
YJL026C-A,7.0
YJL077W-A,1.0
YJL077W-B,5.0
YJL222W-A,9.0
YJL222W-B,-1.0
YJL225W-A,8.0
YJR140W-A,2.0
YKL096C-B,7.0
YKL156C-A,2.0
YKR075W-A,-1.0
YLL019W-A,3.0
YLL066W-A,8.0
YLL066W-B,0.0
YLL067W-A,8.0
YLR120W-A,3.0
YLR154W-A,-3.0
YLR154W-E,7.0
YLR157W-D,3.0
YLR157W-E,0.0
YLR286W-A,2.0
YLR299C-A,0.0
YLR347W-A,1.0
YLR399W-A,1.0
YLR406C-A,6.0
YLR437C-A,-2.0
YLR466C-A,7.0
YLR466C-B,0.0
YLR467C-A,7.0
YML100W-A,4.0
YML133W-A,-2.0
YML133W-B,8.0
YMR001C-A,3.0
YMR105W-A,5.0
YMR182W-A,3.0
YMR242W-A,1.0
YMR272W-A,2.0
YMR272W-B,1.0
YMR315W-A,6.0
YNL024C-A,3.0
YNL097C-B,4.0
YNL097W-A,8.0
YNL103W-A,2.0
YNL144W-A,-4.0
YNL339W-A,-2.0
YNL339W-B,8.0
YNR003W-A,2.0
YNR075C-A,5.0
YOL019W-A,1.0
YOL085W-A,7.0
YOL166W-A,1.0
YOR032W-A,2.0
YOR108C-A,5.0
YOR161C-C,1.0
YOR161W-A,4.0
YOR161W-B,7.0
YOR186C-A,1.0
YOR231C-A,4.0
YOR335W-A,0.0
YOR394C-A,0.0
YOR396C-A,7.0
YPL135C-A,-1.0
YPL152W-A,2.0
YPL222C-A,3.0
YPL283W-A,-2.0
YPL283W-B,7.0
YPR159C-A,0.0
YPR160C-A,7.0
YPR204C-A,7.0
YAL016C-A,-8.0
YAL019W-A,12.0
YAL026C-A,14.0
YAL031W-A,2.0
YAL037C-A,2.0
YAL047W-A,-1.0
YAL059C-A,7.0
YAR019W-A,3.0
YBR056W-A,-1.0
YBR109W-A,4.0
YBR126W-B,7.0
YDR524C-B,3.0
YDR524W-C,4.0
YEL009C-A,16.0
YEL018C-A,7.0
YEL034C-A,-9.0
YEL053W-A,1.0
YER006C-A,8.0
YER038W-A,5.0
YER046W-A,-1.0
YER067C-A,9.0
YER068C-A,-7.0
YER076W-A,11.0
YER079C-A,4.0
YER084W-A,7.0
YER087C-A,-1.0
YER088C-A,10.0
YER107W-A,3.0
YER133W-A,7.0
YER137W-A,1.0
YER145C-A,12.0
YER147C-A,11.0
YER148W-A,-5.0
YER152W-A,10.0
YER165C-A,9.0
YER172C-A,3.0
YER188C-A,6.0
YFL015W-A,12.0
YFL021C-A,19.0
YFR036W-A,-7.0
YFR052C-A,9.0
YGL006W-A,4.0
YHL002C-A,3.0
YHL006W-A,7.0
YHL019W-A,17.0
YHL030W-A,-5.0
YHL034W-A,4.0
YHL046W-A,-1.0
YHR028W-A,4.0
YHR056W-A,11.0
YHR063W-A,6.0
YHR069C-A,-1.0
YHR070C-A,8.0
YHR071C-A,11.0
YHR131W-A,0.0
YHR165W-A,4.0
YHR182C-A,-8.0
YHR193C-A,4.0
YHR218W-A,6.0
YIL020C-A,9.0
YIL029W-A,0.0
YIL030W-A,4.0
YIL047C-A,6.0
YIL066W-A,7.0
YIL068W-A,10.0
YIL071W-A,4.0
YIL100C-A,3.0
YIL115W-A,0.0
YIL142C-A,2.0
YIL156W-A,11.0
YIL171W-A,8.0
YIR017W-A,8.0
YIR020C-B,13.0
YIR023C-A,-9.0
YIR030W-A,12.0
YIR036W-A,5.0
YJL047C-A,0.0
YJL133C-A,8.0
YJL136W-A,1.0
YKL158W,17.0
YLR264C-A,6.0
YML031C-A,6.0
YNL067W-B,4.0
YOL013W-A,5.0
YOL038C-A,8.0
YAL063C-A,9.0
YBL039C-A,3.0
YBR121C-A,5.0
YBR196C-B,5.0
YBR221W-A,5.0
YCR024C-B,4.0
YDR003W-A,3.0
YDR118W-A,8.0
YDR320W-B,11.0
YDR371C-A,2.0
YFR009W-A,7.0
YFR010W-A,1.0
YGL014C-A,9.0
YGL041W-A,9.0
YGR035W-A,6.0
YHL015W-A,5.0
YHL048C-A,5.0
YHR007C-A,9.0
YHR032W-A,6.0
YHR050W-A,5.0
YHR073C-B,2.0
YHR073W-A,8.0
YIL002W-A,-7.0
YIL046W-A,2.0
YIR018C-A,7.0
YIR021W-A,5.0
YJL197C-A,5.0
YKL100W-A,4.0
YKL145W-A,0.0
YKR099C-A,-6.0
YLR154W-F,1.0
YLR163W-A,2.0
YLR361C-A,1.0
YLR364C-A,3.0
YMR013C-A,4.0
YMR175W-A,0.0
YMR247W-A,3.0
YNL042W-B,5.0
YNL146C-A,9.0
YNL277W-A,12.0
YOL083C-A,3.0
YOL097W-A,0.0
YOL155W-A,5.0
YOR034C-A,10.0
YOR192C-C,1.0
YOR293C-A,5.0
YPL119C-A,-1.0
YPR160W-A,4.0
YPR170W-A,1.0
R0010W,16.0
R0030W,-1.0
R0020C,-7.0
R0040C,5.0
YHR199C-A,-2.0
YCL012C,3.0
YBR230W-A,7.0
YCR095W-A,11.0
YER090C-A,2.0
YGR161W-C,-5.0
YML033W,7.0
YBR201C-A,7.0
YBR056C-B,3.0
YGL194C-A,2.0
YCL048W-A,-1.0
YDR461C-A,-2.0
YDR374W-A,-6.0
YDR119W-A,7.0
YDL007C-A,-12.0
YKL023C-A,10.0
YKL065W-A,10.0
YLR146W-A,-4.0
YIL102C-A,3.0
YPR145C-A,13.0
YDR014W-A,17.0
YPL052W-A,4.0
YLR391W,16.0
YER108C,23.0
YCLX02C,12.0
YCR074C,-1.0
YCRX01W,0.0
YCRX02C,15.0
YCRX04W,6.0
YCRX06W,8.0
YCRX08W,2.0
YCRX09C,-5.0
YCRX11W,0.0
YCRX17W,28.0
YCRX19W,11.0
YAR043C,8.0
YAR052C,-16.0
YAR074C,-4.0
YPR010C-A,2.0
YCL054W-A,6.0
YGR227C-A,10.0
YHR052C-B,6.0
YHR054C-B,6.0
YJR107C-A,1.0
YKL104W-A,2.0
YLR379W-A,3.0
YMR008C-A,9.0
